Star Count,Fork Count
69569,22499
28328,4608
26890,9174
26812,8690
26529,4968
26494,6316
21800,2298
20472,4407
19631,1809
19041,3034
18384,2090
18190,7782
18138,9218
17381,3190
17254,2993
16506,1676
16271,2295
15379,872
14137,1076
13943,7000
13263,1359
12745,591
12686,1526
12599,1387
12576,1415
12455,717
12251,1648
12063,2681
11891,585
11754,2988
11614,458
11299,1932
11283,4116
11083,2639
11051,1407
10958,782
10947,2267
10768,2279
10746,1691
10642,158
10570,1921
10503,1504
10383,1573
10216,1891
10178,441
10024,8881
10002,2668
9814,2377
9528,824
9330,1434
9327,2099
9294,1269
9252,286
9195,1368
9130,417
9118,240
8954,1801
8775,1630
8589,2053
8502,590
8486,3473
8327,744
8144,281
8079,1704
8027,66
7978,117
7936,54
7919,5237
7883,853
7876,44
7791,10166
7737,2056
7735,1702
7627,85
7489,1162
7421,878
7408,37
7292,55
7141,94
7062,937
7002,41
6995,100
6949,671
6906,94
6818,952
6810,1939
6622,550
6609,2988
6508,170
6470,4366
6454,1947
6442,4547
6407,355
6249,74
6210,2461
6102,1075
6095,2014
6057,606
5988,3125
5892,1120
5761,1605
5712,657
5623,785
5545,1110
5524,767
5489,769
5481,578
5470,1215
5468,661
5468,889
5304,1558
5299,545
5270,362
5259,487
5250,3683
5173,957
5124,1900
5045,480
5032,1260
4990,696
4970,1772
4934,917
4933,1380
4911,694
4868,922
4862,883
4827,2332
4817,23
4744,803
4738,523
4716,389
4606,237
4562,560
4561,171
4536,920
4521,1164
4518,1311
4471,1419
4426,1474
4394,253
4337,805
4330,623
4306,519
4300,935
4269,900
4260,1387
4250,782
4240,486
4202,49
4184,774
4168,3492
4164,1664
4134,827
4076,554
4075,1573
4068,123
4058,415
4048,984
4038,422
4013,376
4011,556
3968,400
3922,668
3909,275
3899,732
3875,214
3818,268
3816,5
3789,364
3787,33
3786,386
3753,405
3746,544
3743,599
3741,1215
3723,83
3697,53
3692,749
3678,670
3633,519
3631,401
3629,730
3585,213
3584,1037
3582,123
3571,896
3552,614
3532,604
3531,897
3514,601
3514,148
3455,499
3439,1206
3423,125
3412,773
3359,902
3354,27
3345,591
3328,540
3325,646
2339,40
2337,330
2325,601
2322,509
2293,21
2282,754
2268,561
2262,21
2252,175
2252,175
2237,1063
2237,1063
2234,172
2230,11
2230,11
2224,45
2223,251
2223,251
2220,459
2220,459
2210,965
2209,450
2209,450
2208,23
2208,23
2206,507
2206,507
2203,48
2198,8
2198,8
2195,398
2195,398
2194,510
2188,194
2188,194
2184,505
2184,505
2175,799
2175,799
2173,219
2173,219
2171,713
2171,713
2169,506
2169,506
2165,1588
2164,627
2163,19
2163,19
2156,339
2156,339
2148,320
2148,320
2145,796
2140,326
2140,326
2138,578
2129,140
2129,140
2124,813
2116,1336
2116,1336
2113,1159
2113,1159
2110,365
2110,365
2103,231
2103,231
2091,10
2091,10
2089,191
2089,191
2083,402
2083,70
2083,402
2081,488
2081,488
2079,215
2079,215
2077,149
2075,708
2075,708
2073,320
2073,320
2065,30
2065,30
2051,1287
2050,498
2050,498
2047,777
2047,777
2045,2
2045,2
2041,383
2040,505
2040,8
2040,505
2040,8
2037,345
2037,345
2033,95
2033,95
2030,125
2030,125
2027,289
2027,289
2025,1333
2025,628
2025,1333
2025,628
2013,856
2013,856
2012,194
2010,12
2010,12
2007,702
1998,753
1998,753
1984,281
1984,281
1983,127
1983,127
1982,518
1982,518
1980,16
1980,16
1974,589
1972,4777
1972,4777
1964,56
1964,56
1958,654
1958,654
1957,406
1957,406
1949,101
1949,101
1941,119
1941,119
1938,196
1936,278
1936,278
1924,481
1924,481
1919,90
1919,90
1918,439
1918,439
1917,423
1917,423
1901,29
1901,29
1898,165
1893,4
1893,4
1888,1434
1888,1434
1866,290
1866,290
1862,288
1860,308
1860,308
1857,40
1848,19
1848,19
1839,530
1839,530
1834,581
1822,125
1822,196
1822,125
1822,196
1820,826
1820,826
1818,454
1818,454
1818,15
1814,692
1814,692
1811,307
1810,524
1810,524
1803,277
1803,277
1802,390
1802,390
1801,196
1801,196
1790,238
1790,238
1783,257
1783,257
1775,158
1775,158
1772,174
1772,174
1769,183
1769,183
1765,570
1760,166
1758,1011
1758,1011
1755,334
1755,334
1746,742
1744,364
1744,364
1740,294
1740,294
1737,364
1737,364
1735,6
1728,155
1728,155
1722,223
1722,223
1696,241
1696,241
1686,140
1686,140
1682,417
1681,6
1677,188
1676,336
1676,377
1671,162
1662,214
1659,100
1657,10
1654,292
1653,140
1650,428
1648,487
1645,278
1642,220
1631,165
1622,235
1620,419
1619,296
1612,585
1612,96
1612,195
1610,126
1609,230
1601,302
1599,220
1596,433
1594,559
1593,220
1592,479
1586,121
1582,202
1580,598
1579,146
1572,482
1563,375
1562,338
1562,152
1561,238
1559,148
1559,295
1551,461
1551,535
1549,375
1543,379
1541,76
1531,674
1530,342
1530,223
1528,185
1523,877
1523,179
1520,502
1519,207
1518,248
1518,269
1516,1194
1515,9
1514,2
1510,80
1508,211
1507,1064
1504,32
1503,123
1501,300
1496,247
1490,797
1488,40
1485,253
1483,4
1482,42
1476,162
1472,134
1471,385
1468,276
1468,193
1465,95
1461,101
1459,276
1457,246
1454,819
1454,223
1451,511
1449,251
1448,177
1443,307
1443,163
1440,376
1434,11
1433,294
1432,244
1432,408
1426,185
1423,424
1420,330
1420,442
1415,664
1413,163
1412,131
1411,476
1410,213
1409,332
1408,246
1405,169
1399,675
1398,182
1397,108
1394,219
1394,370
1390,766
1390,4
1386,671
1385,262
1383,497
1379,551
1377,277
1371,180
1366,221
1362,341
1359,17
1356,471
1353,5
1353,114
1350,7
1349,90
1348,616
1348,6
1343,320
1343,425
1340,515
1338,173
1335,279
1334,105
1329,80
1328,491
1326,337
1318,204
1313,112
1309,424
1308,217
1307,623
1305,541
1305,53
1302,581
1299,362
1298,257
1296,15
1294,270
1291,252
1291,124
1287,80
1286,195
1284,21
1283,160
1277,60
1274,374
1272,53
1267,837
1265,279
1262,56
1257,236
1253,74
1249,116
1247,55
1247,273
1245,272
1244,341
1244,128
1243,173
1239,218
1235,103
1234,241
1233,14
1230,103
1226,118
1220,247
1217,162
1216,378
1215,336
1214,79
1212,298
1212,576
1211,220
1204,57
1203,771
1203,376
1202,54
1196,8
1194,98
1194,52
1189,141
1189,75
1186,64
1186,87
1179,89
1177,1832
1176,461
1174,112
1166,222
1163,271
1163,472
1157,709
1153,335
1147,146
1146,315
1146,76
1142,247
1142,246
1142,87
1139,390
1138,213
1136,275
1132,134
1128,83
1128,162
1125,209
1124,873
1123,50
1121,91
1117,259
1116,67
1116,368
1116,53
1113,312
1111,208
1109,233
1105,16
1102,142
1102,4
1101,129
1100,15
1099,66
1096,124
1094,135
1093,54
1092,68
1092,437
1089,184
1076,120
1073,112
1067,270
1066,248
1065,70
1061,197
1059,124
1049,298
1047,204
1047,124
1046,491
1046,109
1042,69
1042,80
1040,415
1037,352
1036,93
1035,190
1033,202
1033,99
1032,155
1029,161
1028,45
1026,67
1022,113
1017,211
1014,326
1014,90
1012,80
1008,147
1005,56
1003,184
998,96
996,89
996,97
995,479
992,127
992,43
990,34
989,117
989,14
988,139
987,120
982,249
982,138
981,71
979,139
969,133
969,104
968,274
965,151
965,259
961,206
957,67
956,259
952,118
952,46
952,449
950,289
945,107
945,191
944,802
943,79
941,229
939,342
934,27
934,193
932,59
931,150
930,186
930,312
929,359
928,106
927,388
925,565
919,145
918,128
915,283
914,121
912,607
911,50
911,243
910,85
907,271
906,121
906,42
906,383
904,77
902,140
902,95
901,148
900,160
900,68
899,91
898,192
891,216
886,547
883,525
881,298
880,129
879,32
878,133
878,46
875,353
875,199
874,187
874,442
872,9
871,59
870,157
869,167
867,19
867,131
867,197
866,475
865,64
864,215
864,54
863,131
861,183
859,257
858,584
858,101
858,166
857,165
856,463
856,51
855,130
854,7
854,125
853,356
853,79
853,248
852,254
851,107
851,50
850,275
848,197
847,283
847,307
846,120
846,420
845,107
844,86
844,113
843,555
842,253
841,509
841,478
840,107
840,216
840,73
840,159
838,164
836,53
836,80
835,125
833,96
833,98
832,377
829,240
829,39
828,245
825,77
824,315
823,220
822,51
821,179
821,83
820,410
817,169
816,116
815,635
815,125
809,352
809,207
807,225
804,269
804,317
802,469
802,165
800,271
799,98
797,56
797,145
797,132
796,121
796,58
795,211
794,93
794,31
792,61
792,210
790,212
789,127
788,109
787,292
787,327
787,243
785,32
783,259
782,156
782,75
780,188
780,236
780,58
777,103
777,240
776,280
775,100
773,80
773,84
772,205
772,49
771,199
770,99
768,49
766,80
766,186
765,72
764,142
762,84
761,67
761,51
760,200
760,234
759,391
759,74
758,164
758,177
757,82
757,132
757,164
755,243
755,75
754,36
751,62
751,138
747,84
747,63
747,122
745,91
745,320
743,201
743,47
740,122
739,254
738,69
738,72
738,146
737,105
734,362
734,68
733,46
733,167
732,160
730,379
730,145
727,208
727,63
716,106
716,76
715,202
715,75
715,163
713,79
710,155
709,204
708,17
707,170
705,203
705,162
703,42
701,73
701,43
696,419
695,103
694,119
693,191
689,261
688,141
687,52
686,42
683,154
682,119
682,158
679,24
679,576
674,45
672,29
672,87
671,65
669,251
668,130
668,44
668,114
664,81
664,33
663,196
663,590
663,159
662,110
662,66
657,227
657,161
655,55
654,44
653,43
651,270
651,37
650,77
650,77
650,61
649,192
648,202
648,47
648,79
647,135
646,62
646,40
646,67
646,58
645,263
642,310
640,639
640,232
639,255
639,86
638,142
637,45
636,148
636,134
635,162
635,5
634,296
634,148
634,249
634,109
633,63
633,125
632,198
632,412
631,121
630,53
630,53
628,113
628,261
628,197
627,53
627,110
627,213
626,307
626,219
626,197
624,37
624,60
623,73
623,428
623,86
622,171
622,276
621,91
620,40
620,101
619,181
617,156
616,347
616,90
615,11
614,106
613,146
612,83
612,146
611,126
611,121
611,39
611,126
611,51
611,102
609,58
609,120
607,61
607,59
607,195
607,96
605,95
604,116
604,58
603,124
603,155
598,38
598,286
598,46
597,205
596,57
595,142
595,72
594,74
593,148
593,77
593,59
592,122
591,127
590,181
590,255
590,119
590,56
590,60
587,131
587,91
586,147
586,45
584,67
584,208
583,53
583,182
582,68
582,139
582,149
581,289
581,106
580,177
580,447
579,360
579,126
579,81
578,108
578,6
577,181
577,42
577,117
576,123
576,49
575,139
573,169
572,84
572,51
572,154
572,32
570,98
570,69
568,302
568,100
568,263
567,59
567,65
566,73
565,153
564,222
563,179
562,208
558,403
557,25
556,97
555,87
553,207
552,77
552,55
551,20
549,78
549,9
547,66
547,234
546,125
546,113
545,72
543,209
542,158
541,255
541,93
540,192
540,114
540,185
539,40
537,90
537,71
536,150
536,14
535,83
535,165
534,479
534,87
534,50
534,129
533,41
533,192
532,25
532,71
531,24
530,102
529,263
529,52
529,46
528,224
528,36
527,250
526,36
525,82
525,60
525,64
524,87
524,140
524,99
524,73
523,64
523,61
522,615
522,22
521,118
520,94
519,102
518,138
518,305
518,31
516,215
516,29
514,38
514,66
513,149
513,48
511,133
511,40
510,60
510,35
510,155
508,184
508,31
507,226
506,125
506,5
505,100
505,138
505,212
505,63
505,104
504,81
502,206
502,110
500,77
498,210
498,295
497,160
497,139
497,37
497,90
497,142
496,80
496,49
495,103
495,41
495,35
495,28
495,1
494,76
494,90
494,68
493,23
493,79
493,119
493,20
492,135
491,189
490,134
490,54
490,62
490,38
489,67
489,150
489,37
489,176
488,58
487,106
486,91
486,48
485,160
484,45
484,60
483,56
483,106
481,139
481,131
480,72
480,109
480,156
480,37
479,123
478,42
478,96
478,27
474,56
473,97
472,91
472,246
472,73
471,339
471,74
470,193
470,70
470,68
470,45
469,102
469,34
469,35
468,98
467,62
467,160
467,42
465,89
464,18
464,71
463,254
463,33
462,101
462,37
462,13
461,21
460,49
459,40
459,25
459,70
459,72
458,30
458,338
458,30
457,97
457,267
457,224
457,74
456,73
456,19
454,132
454,185
453,23
453,423
450,93
450,83
448,100
447,64
447,248
447,187
446,221
446,47
446,139
445,16
445,59
445,57
444,169
444,76
442,223
441,73
441,53
441,24
441,42
438,209
438,67
437,59
434,21
434,155
434,48
433,99
433,52
433,68
433,97
433,43
432,39
431,77
431,498
431,35
430,107
430,138
430,92
430,75
428,167
428,99
427,255
427,41
427,236
426,41
426,125
426,93
425,118
425,38
425,395
425,143
425,90
424,81
424,71
423,30
423,43
423,150
422,80
422,85
422,23
422,231
422,87
421,115
420,21
420,24
420,84
420,123
420,26
420,60
420,157
419,242
418,136
418,341
418,37
416,27
415,40
415,56
415,69
414,36
413,89
413,109
412,30
412,21
412,71
412,17
411,184
411,62
410,55
409,56
409,114
409,106
409,93
408,84
408,37
408,291
407,68
407,83
406,171
405,42
404,14
404,180
403,207
403,100
402,42
401,29
393,32
392,118
391,97
391,26
390,103
389,119
389,32
389,47
388,54
388,78
387,92
387,14
386,136
386,261
386,92
386,58
385,71
385,85
384,66
384,146
383,87
383,84
383,57
382,151
382,65
381,321
381,44
381,354
381,126
379,61
379,36
379,123
379,84
379,99
379,78
379,78
378,247
378,151
377,87
377,33
377,99
377,24
377,69
377,133
376,111
376,607
376,121
376,63
376,32
376,32
375,31
375,103
375,69
374,29
374,39
373,116
373,109
373,9
372,25
372,73
372,28
372,185
372,241
371,27
371,216
371,17
371,108
369,106
369,106
368,238
368,134
367,129
367,39
367,41
367,65
367,41
367,65
366,115
366,37
366,83
366,123
366,88
366,34
366,115
366,37
366,83
366,123
366,88
366,34
365,8
365,80
365,29
365,27
365,42
365,104
365,133
365,49
365,33
365,8
365,80
365,29
365,27
365,42
365,104
365,133
365,49
365,33
364,32
364,349
364,32
364,349
363,73
363,75
363,73
363,75
363,112
363,87
361,50
361,135
361,50
361,135
361,188
361,51
361,94
360,104
360,196
360,173
360,35
360,123
360,26
360,104
360,196
360,173
360,35
360,123
360,26
360,125
360,48
360,41
359,163
359,163
359,103
358,64
358,54
358,67
357,15
357,188
357,114
356,81
356,21
356,104
354,66
354,26
354,34
354,13
353,210
353,26
353,120
353,42
353,27
353,19
353,42
353,65
353,47
353,116
353,16
353,229
352,252
352,156
352,95
351,66
351,56
351,176
351,24
351,87
350,38
350,58
350,71
349,144
348,38
348,74
347,40
347,104
347,45
347,49
346,173
346,173
345,140
345,103
345,256
345,123
344,126
344,71
344,71
343,29
343,65
343,236
343,134
342,307
342,48
342,153
342,79
342,46
342,60
342,194
342,262
341,121
341,50
340,28
340,199
340,57
340,96
340,70
339,60
339,320
339,36
338,64
337,7
337,45
337,63
337,66
337,78
337,55
337,44
336,19
336,25
336,129
336,35
336,190
335,215
335,32
335,37
334,29
333,148
333,95
333,132
332,14
332,13
332,122
332,155
332,242
331,51
331,39
331,60
331,98
330,45
330,157
330,80
329,34
329,137
329,185
329,31
328,29
328,46
328,51
328,4
327,375
327,117
327,69
327,64
325,26
325,53
325,56
325,37
325,169
325,45
324,84
324,35
323,16
323,146
323,165
323,71
323,37
322,99
322,41
322,131
322,46
322,54
321,51
321,92
321,30
321,140
320,7
320,70
320,65
320,23
320,69
320,66
319,163
319,104
319,163
318,487
318,15
318,63
318,47
317,15
317,116
317,102
317,119
317,93
317,34
317,34
317,64
316,7
316,151
316,45
316,86
316,57
316,105
315,71
315,83
315,303
315,18
315,137
315,37
315,88
314,72
314,63
314,41
314,68
314,26
313,22
313,73
313,71
313,43
313,122
313,30
312,191
312,145
311,208
311,186
310,154
310,37
310,31
310,70
310,49
310,35
310,117
310,106
309,14
309,200
309,22
308,92
308,15
308,92
308,79
308,181
308,163
307,17
306,75
306,40
306,110
306,48
306,21
305,57
305,62
305,235
305,57
304,93
304,24
304,115
304,119
303,112
303,61
303,32
302,47
302,20
302,66
301,69
301,63
301,91
301,102
301,79
301,61
300,51
300,22
300,64
300,198
300,38
300,75
299,135
299,55
299,45
298,56
298,176
298,105
298,141
298,56
298,98
298,6
297,152
297,92
296,38
295,94
295,15
295,261
295,20
295,25
294,21
294,29
294,223
294,27
294,60
294,115
294,95
294,84
293,53
293,109
292,147
292,28
292,99
292,176
291,40
291,205
291,53
291,132
291,94
290,17
290,93
290,75
290,26
290,93
290,40
289,34
289,64
289,26
289,188
289,94
288,98
288,115
288,28
288,49
288,10
288,55
287,216
287,22
287,59
287,34
287,145
287,230
286,202
286,26
286,30
286,43
286,55
285,31
285,75
285,280
285,174
284,106
284,13
284,87
284,123
284,20
283,26
283,145
283,26
283,79
282,14
281,50
281,82
281,52
281,254
280,66
280,11
280,74
280,62
280,88
280,40
280,63
279,29
278,41
278,58
278,20
278,169
278,117
277,80
277,124
277,32
277,123
277,15
277,109
277,61
276,3
276,22
275,23
275,755
274,56
273,27
273,11
273,45
273,34
272,81
272,25
272,25
272,50
272,142
272,11
272,93
271,24
271,52
271,29
270,102
270,174
270,210
270,28
270,42
270,29
270,34
270,115
270,43
270,106
270,67
269,22
269,39
269,60
269,49
268,23
268,4
268,31
267,65
267,9
267,128
267,84
266,85
266,169
266,112
266,53
266,93
265,47
265,10
265,136
265,51
265,47
265,60
265,4
264,83
264,94
264,15
264,14
264,110
264,13
264,67
264,10
264,54
263,53
263,75
263,44
263,322
263,27
263,45
262,86
262,7
262,77
262,13
261,17
261,19
261,102
261,72
261,103
260,30
260,60
260,97
260,47
260,28
259,45
259,318
259,35
259,113
259,36
259,43
258,52
258,46
258,106
257,64
257,90
255,93
254,87
254,26
254,85
253,35
253,70
253,19
253,88
253,80
253,52
252,39
252,75
252,71
252,73
252,135
251,61
251,246
251,34
251,35
251,11
251,121
250,31
250,31
249,7
249,62
248,99
248,66
248,50
248,127
248,55
247,31
247,34
247,136
247,59
246,48
246,297
246,314
245,65
245,10
245,41
245,34
244,136
244,11
244,10
244,68
244,8
243,58
243,175
243,82
243,24
243,28
243,28
243,78
242,74
242,245
242,104
241,38
241,65
241,42
241,11
241,15
240,113
240,22
240,113
240,21
240,34
240,23
240,14
240,155
240,28
239,94
239,31
239,63
239,61
239,13
239,73
239,97
238,64
238,40
238,19
237,11
237,53
237,125
237,24
237,100
237,82
237,44
237,49
237,24
237,100
237,82
237,44
237,49
236,32
236,48
236,24
236,54
236,6
236,7
236,17
236,53
236,7
236,17
236,53
235,117
235,48
235,21
235,46
235,44
235,65
235,117
235,48
235,21
235,46
235,44
235,65
235,14
235,38
234,14
234,85
234,26
234,14
234,85
234,26
233,25
233,103
233,25
233,103
233,73
233,19
233,117
233,15
233,17
233,22
233,36
232,129
232,75
232,27
232,307
232,60
231,21
231,105
231,70
230,41
230,34
230,30
230,93
230,33
230,68
230,50
229,64
229,17
229,139
229,15
229,12
229,7
228,118
228,7
228,7
228,80
228,90
228,24
227,141
227,34
227,75
227,35
227,147
227,110
226,7
226,37
225,40
225,69
225,35
225,75
225,25
225,63
224,58
223,53
223,294
223,122
223,44
223,46
223,14
223,47
223,59
223,17
222,96
222,9
222,12
222,84
222,35
222,48
222,76
222,50
221,125
221,51
221,64
220,7
219,41
217,98
217,45
216,17
216,549
216,13
216,21
216,23
215,30
215,42
215,774
215,7
215,27
215,80
215,117
214,34
214,63
214,62
213,14
213,53
212,31
212,71
212,11
212,81
212,50
212,26
212,14
212,58
212,6
212,29
212,98
211,24
211,35
211,66
211,15
211,66
211,46
211,71
211,27
211,77
211,75
211,75
210,22
210,8
210,50
210,83
210,59
210,54
210,214
210,24
210,186
210,233
210,104
210,104
210,156
209,112
209,15
209,13
209,21
208,24
208,60
208,133
208,112
208,13
208,14
208,71
208,112
208,13
208,14
208,71
207,28
207,196
207,24
207,54
207,12
207,24
207,54
207,12
206,88
206,5
206,57
206,50
206,109
206,52
206,21
206,57
206,50
206,109
206,52
206,54
206,21
206,124
205,87
205,22
205,8
205,80
205,81
205,14
205,87
205,22
205,8
205,80
205,81
205,14
205,13
205,79
204,44
204,53
204,71
204,65
204,59
204,134
204,20
204,86
204,44
204,53
204,71
204,65
204,59
204,134
204,20
204,86
204,95
204,77
204,87
203,115
203,27
203,123
203,21
203,39
203,115
203,27
203,123
203,21
203,39
202,29
202,35
202,29
202,35
202,3
202,157
202,180
202,34
201,52
201,32
201,52
201,32
201,29
201,232
201,35
201,80
201,23
201,27
201,158
200,26
200,26
200,84
200,47
200,84
200,60
200,40
200,75
200,26
199,137
199,52
199,52
199,6
199,213
199,12
198,76
198,110
198,66
198,42
198,108
198,96
198,117
198,77
198,67
197,68
197,3
197,302
197,38
197,17
197,9
197,23
196,12
196,41
196,173
196,25
196,24
196,36
196,47
196,14
196,55
196,89
196,94
195,61
195,53
195,26
195,17
195,45
195,19
194,270
194,28
194,24
194,59
194,205
194,116
194,9
194,95
194,49
193,55
193,3
193,88
193,50
193,51
193,9
193,151
192,37
192,59
192,100
192,79
192,187
192,47
192,71
192,47
192,19
192,33
192,89
191,110
191,82
191,46
191,59
191,42
190,48
190,41
190,41
190,68
190,139
190,36
190,33
190,41
190,55
190,40
190,737
189,43
189,14
189,91
189,69
189,26
189,15
189,27
189,126
189,33
189,35
189,31
189,15
189,45
188,51
187,24
187,2
187,40
187,66
187,16
187,86
187,86
187,69
187,39
186,19
186,62
186,63
186,7
186,57
186,13
186,59
186,65
186,19
186,42
186,155
185,21
185,19
185,30
185,10
184,64
184,294
184,73
184,22
184,116
184,35
183,29
183,49
183,68
183,13
183,9
183,15
183,89
183,15
182,42
182,87
182,53
182,110
182,24
182,53
182,7
182,52
182,13
182,64
182,61
182,33
181,82
181,612
181,6
181,64
181,67
181,82
181,44
181,99
181,25
181,27
180,79
180,25
180,95
179,219
179,6
179,39
178,16
178,38
178,92
178,57
178,14
178,14
178,65
178,17
178,24
178,102
178,14
178,81
178,36
178,21
177,47
177,10
177,72
177,39
177,29
177,50
177,30
177,9
177,41
176,110
176,8
176,96
176,122
176,47
176,77
176,77
176,112
176,81
176,62
176,61
175,25
175,62
174,22
174,19
174,3
174,62
174,70
174,37
174,39
174,162
174,22
174,12
174,224
174,49
174,27
174,110
174,27
174,43
173,58
173,15
173,23
173,82
173,20
173,45
173,138
173,31
173,23
173,29
173,37
172,55
172,84
172,12
172,134
172,29
172,99
172,46
172,103
172,94
172,44
172,3
171,31
171,28
171,84
171,168
171,62
171,36
170,21
170,37
170,10
170,21
170,20
170,10
170,65
170,13
170,15
170,11
170,75
170,80
170,79
169,35
169,50
169,60
169,87
169,26
169,59
169,170
168,75
168,62
168,17
168,22
168,12
168,24
168,211
168,115
167,17
167,19
167,18
167,15
167,44
167,35
167,21
167,26
167,47
167,28
167,53
167,59
166,15
166,1
166,75
166,11
166,192
166,20
166,38
166,27
166,16
165,9
165,41
165,138
165,37
165,36
165,41
165,5
165,26
164,118
164,9
164,98
164,118
164,47
164,19
163,19
163,16
163,63
163,66
163,16
163,34
163,118
163,10
162,114
162,70
162,69
162,22
162,118
162,30
162,50
162,19
162,39
162,11
161,7
161,79
161,43
161,76
161,72
161,53
161,49
161,74
161,125
161,20
160,41
160,41
160,64
160,54
160,66
160,38
160,15
160,44
160,10
160,3
160,28
160,23
160,7
160,51
160,82
160,33
159,72
159,145
159,82
159,28
159,12
159,107
159,60
159,96
158,17
158,25
158,6
158,28
158,89
158,39
158,14
158,21
158,19
158,5
157,113
157,22
157,62
157,23
157,157
157,93
157,11
157,19
156,142
156,10
156,70
156,148
156,6
156,50
156,13
156,15
156,42
156,32
155,33
155,20
155,16
155,37
155,40
155,17
155,56
155,10
155,13
155,8
155,17
154,71
154,51
154,133
154,14
154,37
154,84
154,30
154,18
154,17
154,102
154,59
154,17
154,99
154,13
154,15
154,26
153,10
153,10
153,105
153,64
153,52
153,63
153,109
153,15
153,16
153,38
153,20
153,19
153,35
153,83
153,34
153,16
152,15
152,19
152,22
152,58
152,25
152,91
152,16
152,12
152,23
152,25
152,28
152,62
152,35
152,38
152,50
151,133
151,43
151,32
151,22
151,37
151,3
151,4
151,19
151,14
150,34
150,24
150,42
150,51
150,162
150,65
150,72
150,19
150,46
150,36
150,130
150,22
150,16
150,17
150,81
150,65
150,57
149,64
149,60
149,116
149,71
149,5
149,22
149,19
149,45
149,42
149,40
149,135
149,24
149,1
148,12
148,41
148,47
148,28
148,24
148,19
148,28
148,24
148,70
148,31
148,46
147,18
147,38
147,12
147,29
147,31
147,62
147,34
147,47
147,35
147,15
147,86
147,3
147,132
147,130
147,19
147,50
147,24
147,26
146,52
146,12
146,41
146,25
146,81
146,48
146,9
146,47
146,6
146,33
146,29
145,8
145,43
145,14
145,89
145,15
145,64
145,14
145,100
145,56
145,23
145,23
144,41
144,58
144,24
144,56
144,47
144,12
144,46
143,19
143,34
143,46
143,88
143,3
143,21
143,15
143,11
143,9
143,28
143,5
142,35
142,25
142,51
142,106
142,36
142,59
142,17
141,57
141,66
141,14
141,48
141,34
141,43
141,6
141,48
141,1061
141,51
141,70
141,52
141,31
141,84
141,87
141,65
140,26
140,74
140,25
140,24
140,17
140,72
140,62
140,57
140,23
140,94
140,14
140,69
140,78
139,27
139,49
139,17
139,58
139,24
139,44
139,6
139,21
139,2
138,9
138,96
138,23
138,79
138,117
138,140
138,21
138,43
138,43
138,10
138,21
138,105
138,61
138,8
138,122
138,42
138,57
138,26
138,24
138,25
138,132
138,21
138,15
138,23
137,29
137,73
137,8
137,25
137,12
137,54
137,19
137,44
137,33
137,12
137,40
137,33
137,59
137,6
137,54
137,61
137,51
136,20
136,6
136,10
136,58
136,22
136,49
136,47
136,71
136,9
136,9
136,49
136,34
136,177
136,21
136,35
136,53
135,31
135,74
135,5
135,83
135,17
135,37
135,40
135,22
135,19
135,14
135,36
135,23
135,78
135,30
135,7
135,277
134,38
134,33
134,110
134,48
134,9
134,15
134,48
134,17
133,19
133,19
133,2
133,149
133,51
133,25
133,46
133,27
132,27
132,43
132,38
132,94
132,21
132,14
132,33
132,14
132,45
132,8
131,11
131,59
131,56
131,226
131,34
131,13
131,13
131,67
131,29
131,94
131,128
131,3
131,147
131,32
131,51
131,16
130,29
130,19
130,15
130,49
130,40
130,58
130,55
130,39
130,33
130,21
129,11
129,63
129,17
129,14
129,7
129,76
129,16
129,32
129,17
129,6
129,19
128,92
128,38
128,36
128,13
128,34
128,52
128,55
128,87
128,32
128,43
128,78
128,17
128,33
128,30
128,102
128,10
127,17
127,7
127,21
127,13
127,9
127,246
127,9
127,118
127,19
127,60
127,41
126,57
126,57
126,37
126,24
126,62
126,19
126,13
126,153
126,39
126,100
126,176
126,22
126,22
126,16
125,33
125,30
125,15
125,2
125,9
125,84
125,84
125,19
125,14
125,19
125,49
125,79
125,61
125,42
124,29
124,26
124,16
124,20
124,25
124,39
124,42
124,271
124,31
124,104
124,44
124,110
124,25
124,30
124,19
123,38
123,16
123,27
123,18
123,17
123,190
123,25
123,43
123,16
123,42
123,36
123,61
123,34
123,96
123,89
123,12
123,30
123,29
123,53
123,9
122,5
122,46
122,54
122,28
122,30
122,52
122,15
122,11
122,58
122,35
122,6
122,19
122,25
122,53
121,53
121,28
121,42
121,13
121,121
121,51
121,5
121,14
121,59
121,32
121,25
120,21
120,51
120,14
120,104
120,20
120,11
120,95
120,23
120,14
120,12
120,36
120,39
120,50
120,15
120,78
120,18
120,8
119,90
119,10
119,103
119,15
119,34
119,7
119,9
119,14
119,48
119,21
119,51
119,41
119,14
119,93
119,17
119,26
119,58
118,59
118,36
118,16
118,3
118,19
118,101
118,64
118,29
118,88
118,62
118,18
118,24
118,124
118,5
117,49
117,21
117,67
117,47
117,15
117,27
117,70
117,3
117,5
117,22
117,18
117,34
117,20
117,22
117,40
117,12
116,127
116,12
116,10
116,22
116,26
116,23
116,7
116,21
116,16
116,48
116,128
116,56
116,29
116,128
116,163
116,4
116,27
116,33
116,60
115,61
115,26
115,40
115,12
115,21
115,20
115,4
115,13
115,16
115,32
115,25
115,35
115,28
114,23
114,84
114,18
114,17
114,35
114,79
114,26
114,35
114,38
114,23
114,9
114,11
113,10
113,40
113,3
113,47
113,113
113,7
113,53
113,29
113,37
113,108
113,39
113,28
113,29
113,56
113,21
113,31
113,20
112,71
112,65
112,25
112,42
112,44
112,52
112,34
112,9
111,7
111,23
111,31
111,14
111,10
111,40
111,15
111,38
111,22
110,16
110,16
110,13
110,29
110,20
110,11
110,7
110,30
110,60
110,98
110,27
110,133
110,13
110,31
110,8
110,1
110,57
109,20
109,6
109,3
109,16
109,15
109,26
109,13
109,24
109,25
109,116
109,27
109,41
109,43
109,43
109,39
109,20
109,49
109,29
109,20
109,93
108,47
108,34
108,16
108,29
108,15
108,93
108,64
108,43
108,6
108,51
108,30
108,134
108,7
107,15
107,9
107,51
107,48
107,13
107,25
107,23
107,150
107,1
107,68
107,54
107,65
107,31
107,34
107,36
107,46
107,70
107,368
107,81
107,1
107,24
107,20
107,75
107,32
106,15
106,10
106,13
106,7
106,39
106,56
106,14
106,39
106,13
106,23
106,15
106,68
106,75
106,22
106,27
105,4
105,7
105,10
105,38
105,23
105,20
105,1
105,182
105,9
105,37
105,61
105,24
105,41
105,74
105,32
105,15
105,44
105,64
104,16
104,39
104,31
104,48
104,77
104,34
104,25
104,25
104,25
104,42
104,68
104,27
104,15
104,8
103,36
103,16
103,9
103,6
103,71
103,25
103,14
103,63
103,27
103,62
103,51
103,15
103,20
103,51
103,27
103,14
103,51
102,62
102,6
102,9
102,27
102,7
102,42
102,23
102,20
102,16
102,63
102,26
102,48
102,4
102,32
102,38
102,9
102,27
102,9
102,67
102,29
102,52
102,31
102,17
102,10
102,80
102,2
102,122
101,34
101,116
101,20
101,17
101,72
101,35
101,37
101,15
101,34
101,91
101,11
101,21
101,4
101,28
101,43
101,22
100,9
100,17
100,25
100,17
100,9
100,14
100,55
100,1
100,55
100,12
100,39
100,9
100,47
100,19
100,19
100,33
100,9
99,76
99,21
99,10
99,15
99,10
99,82
99,5
99,6
99,14
99,22
99,33
99,7
99,48
99,111
99,17
99,81
99,98
99,5
99,20
99,3
99,22
99,66
99,4
98,20
98,11
98,15
98,19
98,19
98,22
98,13
98,22
98,36
98,10
98,234
98,24
98,6
98,45
98,15
98,6
98,29
98,25
98,33
98,9
98,8
97,43
97,37
97,24
97,33
97,16
97,48
97,45
97,327
97,5
97,8
97,180
97,6
97,29
97,5
97,58
97,29
97,62
97,46
97,33
97,2
96,37
96,10
96,8
96,10
96,40
96,28
96,9
96,6
96,20
96,26
96,9
96,13
96,3
96,21
96,29
96,6
96,41
96,5
96,14
96,36
96,62
96,28
96,23
96,25
96,15
96,28
96,31
95,20
95,69
95,9
95,17
95,52
95,3
95,19
95,16
95,23
95,17
95,53
95,60
95,9
95,57
95,16
95,42
95,2
95,83
94,33
94,14
94,32
94,21
94,34
94,21
94,6
94,76
94,26
94,34
94,21
94,32
94,12
94,11
94,15
94,33
94,16
94,338
94,83
94,6
94,16
94,48
93,2
93,25
93,87
93,25
93,17
93,4
93,153
93,18
93,5
93,16
93,8
93,54
93,9
93,45
93,76
93,35
93,7
93,96
93,23
93,9
93,34
93,50
93,34
93,12
93,161
92,3
92,43
92,7
92,9
92,25
92,13
92,21
92,38
92,39
92,15
92,17
92,61
92,9
92,22
92,25
92,67
92,275
91,19
91,43
91,6
91,15
91,54
91,15
91,46
91,11
91,28
91,33
91,20
91,55
91,21
91,20
91,10
91,26
91,6
91,35
91,87
91,41
91,11
91,20
91,4
91,16
91,4
91,2
90,62
90,9
90,24
90,8
90,25
90,28
90,24
90,4
90,40
90,29
90,39
90,43
90,81
90,49
90,35
90,6
90,44
90,63
90,11
90,108
90,86
90,17
89,6
89,3
89,21
89,3
89,95
89,8
89,21
89,29
89,7
89,55
89,23
89,118
89,15
89,14
89,20
89,11
89,11
89,48
89,10
89,14
89,26
89,37
89,19
89,3
89,41
89,3
88,14
88,36
88,3
88,42
88,37
88,6
88,24
88,14
88,8
88,17
88,26
88,31
88,70
88,8
88,21
88,24
88,55
88,21
88,2
88,49
88,38
88,4
88,18
88,51
88,8
88,29
88,32
88,67
88,75
88,30
88,29
88,7
88,74
88,2
87,56
87,41
87,21
87,49
87,15
87,58
87,6
87,36
87,10
87,47
87,4
87,24
87,15
87,32
87,34
87,40
87,4
87,2
86,9
86,32
86,282
86,28
86,9
86,4
86,13
86,15
86,65
86,4
86,9
86,14
86,62
86,28
86,18
86,18
86,34
86,24
86,28
86,14
86,21
86,6
86,2
86,16
86,24
85,28
85,45
85,38
85,31
85,2
85,2
85,12
85,15
85,20
85,4
85,36
85,23
85,7
85,25
85,25
85,70
85,26
85,6
85,15
85,12
85,4
85,41
85,7
85,19
85,17
85,24
85,22
85,15
85,30
85,1
85,49
85,16
84,8
84,44
84,46
84,22
84,55
84,20
84,30
84,8
84,5
84,26
84,6
84,10
84,23
84,20
84,28
84,20
84,26
84,82
84,15
84,22
84,25
84,34
84,56
84,69
84,40
84,17
84,13
84,5
83,7
83,35
83,32
83,23
83,39
83,30
83,44
83,34
83,5
83,24
83,8
83,66
83,29
83,16
83,30
83,90
83,44
83,28
83,6
83,25
83,25
83,19
83,4
82,21
82,27
82,12
82,23
82,30
82,28
82,4
82,15
82,36
82,120
82,21
82,67
82,12
82,39
82,69
82,35
82,16
82,21
82,36
82,55
82,19
82,30
82,30
82,1
82,40
82,42
82,28
82,36
82,40
82,63
82,15
82,32
82,22
82,10
81,40
81,25
81,10
81,109
81,16
81,25
81,23
81,21
81,19
81,13
81,56
81,15
81,35
81,34
81,14
81,61
81,11
81,30
81,35
81,78
81,7
80,9
80,46
80,6
80,56
80,5
80,47
80,16
80,8
80,5
80,9
80,39
80,375
80,25
80,36
80,17
80,16
80,44
80,4
80,10
80,37
80,69
79,49
79,15
79,46
79,21
79,3
79,14
79,7
79,31
79,7
79,15
79,2
79,7
79,53
79,25
79,3
79,15
79,50
79,51
79,23
79,28
79,32
79,69
79,7
79,112
79,19
79,14
79,54
79,50
79,47
79,58
78,47
78,7
78,16
78,22
78,12
78,16
78,5
78,38
78,2
78,37
78,5
78,27
78,18
78,18
78,84
78,12
78,41
78,20
78,9
78,10
78,12
78,31
78,28
78,29
78,32
78,25
78,6
78,24
78,25
78,15
78,15
78,7
77,2
77,17
77,36
77,12
77,6
77,13
77,28
77,17
77,15
77,43
77,18
77,24
77,5
77,11
77,6
77,7
77,10
77,7
77,44
77,12
77,7
77,11
77,31
77,15
76,190
76,7
76,12
76,29
76,25
76,5
76,27
76,12
76,7
76,9
76,13
76,21
76,8
76,4
76,16
76,16
76,36
76,11
76,5
76,14
76,12
76,35
76,16
76,47
76,8
76,48
76,3
75,5
75,49
75,31
75,8
75,46
75,26
75,49
75,25
75,11
75,13
75,14
75,33
75,4
75,17
75,30
75,4
75,47
75,17
75,22
75,11
75,20
75,33
75,28
75,22
75,417
75,18
75,4
75,54
75,34
75,8
75,23
75,9
75,29
75,6
74,22
74,95
74,24
74,39
74,46
74,14
74,39
74,25
74,109
74,17
74,21
74,19
74,14
74,17
74,13
74,20
74,9
74,10
73,17
73,13
73,15
73,23
73,65
73,22
73,45
73,274
73,11
73,25
73,25
73,40
73,9
73,33
73,4
73,18
73,48
73,17
73,31
73,25
73,38
73,102
73,8
73,31
73,206
73,17
72,9
72,31
72,19
72,26
72,47
72,9
72,14
72,24
72,24
72,21
72,17
72,65
72,4
72,15
72,24
72,87
72,40
72,21
72,13
72,34
72,27
72,11
71,32
71,17
71,19
71,38
71,73
71,39
71,16
71,17
71,5
71,31
71,13
71,63
71,9
71,7
71,27
71,27
71,35
71,10
71,8
71,19
71,4
71,2
71,25
71,7
71,12
71,30
71,32
71,66
71,13
71,24
71,1
71,14
71,13
71,9
71,37
70,1
70,85
70,70
70,37
70,6
70,5
70,24
70,29
70,62
70,12
70,14
70,47
70,20
70,20
70,37
70,12
70,13
70,2
70,41
70,4
70,19
70,12
70,34
70,34
70,7
70,7
70,13
70,14
70,2
70,26
70,39
70,55
70,16
70,77
70,36
70,15
69,15
69,14
69,29
69,26
69,92
69,21
69,21
69,24
69,35
69,12
69,56
69,9
69,53
69,34
69,6
69,9
69,24
69,4
69,38
69,20
69,5
69,18
69,24
69,24
69,68
69,14
69,7
69,24
69,24
69,33
69,24
69,12
69,19
69,23
69,9
69,36
69,58
69,26
69,1
68,37
68,42
68,30
68,20
68,4
68,61
68,10
68,4
68,21
68,9
68,38
68,14
68,58
68,45
68,37
68,14
68,29
68,13
68,14
68,7
68,79
68,11
68,17
68,18
68,43
68,11
68,40
68,9
68,6
68,14
68,24
68,22
68,5
67,43
67,10
67,25
67,27
67,61
67,26
67,9
67,12
67,5
67,4
67,5
67,8
67,9
67,57
67,15
67,35
67,75
67,14
67,17
67,75
67,35
67,12
67,3
67,14
67,7
67,18
67,14
67,52
67,33
67,17
67,48
67,45
67,3
67,39
66,6
66,32
66,4
66,6
66,2
66,21
66,18
66,13
66,14
66,7
66,17
66,32
66,13
66,14
66,4
66,10
66,16
66,8
66,16
66,5
66,20
66,5
66,90
66,34
66,47
66,25
66,3
66,30
66,10
66,12
66,5
66,22
66,13
66,6
66,1
66,33
66,27
66,9
66,28
66,23
66,50
65,39
65,37
65,54
65,33
65,8
65,30
65,29
65,16
65,18
65,20
65,13
65,6
65,19
65,39
65,1
65,24
65,5
65,33
65,34
65,24
65,31
65,29
65,17
65,49
65,15
65,37
65,35
65,7
65,18
65,39
65,23
65,18
65,13
65,18
65,2
65,23
65,18
65,12
65,31
65,30
65,39
65,39
65,29
65,3
65,6
64,29
64,30
64,16
64,12
64,12
64,28
64,9
64,5
64,49
64,8
64,11
64,15
64,6
64,23
64,18
64,44
64,29
64,49
64,7
64,59
64,8
64,5
64,14
63,14
63,5
63,20
63,19
63,3
63,27
63,19
63,94
63,4
63,2
63,10
63,25
63,18
63,21
63,14
63,37
63,19
63,4
63,15
63,5
63,12
63,37
63,11
63,18
63,13
63,16
63,20
63,6
63,30
63,22
63,32
63,9
63,43
63,29
63,85
63,36
63,62
63,17
63,14
63,19
63,41
63,27
63,12
63,3
62,14
62,14
62,12
62,5
62,31
62,6
62,26
62,17
62,20
62,19
62,87
62,14
62,2
62,12
62,40
62,10
62,52
62,9
62,25
62,55
62,21
62,7
62,43
62,8
62,17
62,3
62,22
62,1
62,8
62,8
62,26
62,15
62,10
62,26
62,12
62,42
62,10
62,25
62,26
62,24
62,53
62,1
61,18
61,27
61,11
61,61
61,27
61,11
61,61
61,16
61,5
61,38
61,21
61,13
61,16
61,5
61,17
61,42
61,3
61,24
61,21
61,8
61,9
61,42
61,21
61,4
61,59
61,26
61,6
61,5
61,38
61,65
61,15
61,22
61,13
61,39
61,20
61,19
61,26
61,2
61,19
61,25
61,15
61,9
61,33
61,41
61,10
61,25
61,41
61,17
61,4
61,52
61,46
61,32
61,51
61,15
61,55
61,12
61,49
61,30
61,9
60,3
60,18
60,38
60,12
60,15
60,2
60,3
60,39
60,51
60,10
60,3
60,6
60,50
60,6
60,19
60,18
60,24
60,8
60,37
60,33
60,15
60,5
60,39
60,10
60,21
60,22
60,25
60,25
60,43
60,5
60,8
60,73
60,11
60,16
60,39
60,55
60,34
59,18
59,44
59,31
59,13
59,7
59,8
59,11
59,20
59,33
59,12
59,10
59,6
59,9
59,60
59,2
59,36
59,26
59,16
59,27
59,35
59,10
59,11
59,13
59,10
59,38
59,8
59,12
59,24
59,41
59,9
59,25
59,16
59,48
59,10
59,10
59,31
59,22
59,18
59,10
59,21
59,14
58,17
58,13
58,33
58,39
58,23
58,35
58,10
58,22
58,15
58,40
58,40
58,6
58,13
58,17
58,11
58,65
58,15
58,4
58,23
58,6
58,21
58,63
58,5
58,31
58,8
58,22
58,24
58,31
58,12
58,19
58,25
58,46
58,32
58,15
58,18
58,45
58,74
58,10
58,4
58,47
58,34
58,35
58,38
58,61
58,34
58,38
57,8
57,14
57,8
57,16
57,23
57,25
57,1
57,26
57,2
57,14
57,2
57,13
57,36
57,14
57,15
57,11
57,17
57,30
57,1
57,367
57,6
57,24
57,4
57,49
57,15
57,5
57,3
57,18
57,4
57,18
57,2
57,4
57,3
56,4
56,16
56,8
56,16
56,18
56,5
56,32
56,21
56,7
56,16
56,7
56,6
56,28
56,13
56,3
56,28
56,60
56,8
56,8
56,22
56,31
56,9
56,19
56,11
56,5
56,23
56,8
56,7
56,10
56,9
56,28
56,24
56,63
56,12
56,12
56,4
56,43
56,14
56,10
56,13
56,6
55,24
55,2
55,4
55,22
55,12
55,7
55,24
55,25
55,4
55,16
55,26
55,32
55,23
55,36
55,14
55,3
55,15
55,36
55,56
55,11
55,76
55,39
55,16
55,17
55,3
55,23
55,7
55,24
55,8
55,11
55,5
55,15
55,36
55,3
55,16
55,20
55,34
55,34
55,53
55,19
55,52
55,52
55,234
55,17
55,14
55,55
55,11
55,8
55,112
55,25
55,15
55,14
55,28
54,32
54,20
54,29
54,4
54,7
54,5
54,2
54,1
54,25
54,16
54,28
54,45
54,3
54,6
54,14
54,14
54,16
54,13
54,12
54,5
54,18
54,13
54,26
54,23
54,36
54,13
54,3
54,4
54,24
54,23
54,41
54,31
54,5
54,3
54,18
54,23
54,33
54,41
54,5
54,2
54,13
54,8
54,15
54,11
54,31
54,9
54,25
54,12
54,3
54,31
54,33
54,24
54,49
54,11
54,24
54,6
54,25
54,5
54,23
53,4
53,13
53,24
53,12
53,44
53,31
53,2
53,8
53,28
53,8
53,7
53,29
53,21
53,19
53,11
53,11
53,11
53,8
53,13
53,4
53,22
53,4
53,19
53,232
53,3
53,8
53,15
53,55
53,25
53,4
53,9
53,16
53,59
53,57
53,23
53,31
53,3
53,13
53,11
53,56
53,11
53,28
53,24
53,4
53,5
53,5
53,25
53,48
53,21
53,7
53,7
53,16
52,36
52,9
52,5
52,5
52,20
52,23
52,17
52,22
52,51
52,15
52,6
52,21
52,15
52,18
52,13
52,6
52,10
52,14
52,20
52,8
52,32
52,12
52,90
52,23
52,4
52,7
52,11
52,6
52,17
52,15
52,3
52,18
52,4
52,13
52,14
52,2
52,11
52,20
52,51
52,59
52,36
52,45
52,11
51,6
51,14
51,15
51,2
51,20
51,2
51,18
51,20
51,9
51,11
51,15
51,4
51,2
51,13
51,13
51,37
51,9
51,2
51,8
51,15
51,7
51,16
51,8
51,41
51,38
51,24
51,54
51,17
51,17
51,10
51,5
51,15
51,15
51,12
51,25
51,61
51,25
51,15
51,34
51,31
51,5
51,3
51,15
51,21
51,6
51,14
51,35
51,28
51,6
51,15
51,31
50,20
50,21
50,8
50,16
50,37
50,10
50,45
50,30
50,22
50,13
50,13
50,21
50,15
50,4
50,6
50,22
50,12
50,23
50,18
50,36
50,11
50,18
50,8
50,18
50,9
50,22
50,34
50,13
50,15
50,14
50,31
50,2
50,29
50,50
50,11
50,6
50,42
50,34
50,17
50,1
50,11
50,9
50,32
50,24
50,36
50,5
50,17
50,5
50,39
50,17
50,20
50,46
50,7
50,31
50,25
50,11
50,20
50,7
50,33
50,66
50,17
50,3
50,18
50,11
49,12
49,24
49,2
49,8
49,22
49,23
49,7
49,11
49,3
49,15
49,6
49,3
49,13
49,5
49,2
49,20
49,14
49,9
49,11
49,2
49,26
49,6
49,10
49,16
49,21
49,18
49,22
49,8
49,31
49,6
49,15
49,6
49,3
49,2
49,5
49,7
49,37
49,10
49,2
49,2
49,53
48,40
48,31
48,28
48,9
48,30
48,22
48,22
48,15
48,14
48,19
48,36
48,12
48,8
48,2
48,21
48,2
48,27
48,22
48,24
48,2
48,10
48,6
48,23
48,7
48,2
48,5
48,10
48,26
48,3
48,20
48,24
48,8
48,28
48,1
48,14
48,29
48,19
48,5
48,5
48,13
48,20
48,43
48,32
48,12
48,34
48,9
48,21
48,2
48,14
48,9
48,8
48,19
48,40
48,37
48,9
48,10
47,21
47,24
47,20
47,5
47,23
47,4
47,16
47,2
47,12
47,23
47,28
47,9
47,17
47,14
47,9
47,19
47,16
47,52
47,37
47,12
47,35
47,39
47,20
47,12
47,32
47,19
47,36
47,4
47,10
47,31
47,17
47,5
47,122
47,5
47,31
47,20
47,14
47,76
47,8
47,36
47,8
47,18
47,2
47,7
47,17
47,23
47,14
47,1
47,5
47,5
47,14
47,16
47,16
46,6
46,15
46,25
46,2
46,8
46,12
46,43
46,14
46,8
46,10
46,32
46,49
46,2
46,17
46,7
46,31
46,27
46,18
46,53
46,7
46,6
46,187
46,44
46,6
46,65
46,6
46,20
46,4
46,10
46,42
46,4
46,9
46,1
46,14
46,62
46,11
46,15
46,28
46,3
46,14
46,49
46,20
46,24
46,53
46,27
46,17
46,28
46,1
46,48
46,6
46,14
46,20
46,59
46,3
46,23
46,44
46,15
45,23
45,10
45,6
45,28
45,51
45,15
45,8
45,22
45,11
45,17
45,43
45,22
45,10
45,30
45,19
45,25
45,4
45,6
45,14
45,5
45,5
45,21
45,41
45,10
45,5
45,4
45,13
45,5
45,5
45,17
45,29
45,10
45,28
45,2
45,4
45,11
45,33
45,8
45,34
45,8
45,4
45,14
45,8
45,15
45,25
45,43
45,12
45,15
45,53
45,17
45,13
45,2
45,11
45,10
45,9
45,6
45,16
45,2
45,2
45,13
45,67
45,42
45,7
45,10
45,10
45,6
45,55
45,50
45,11
45,4
45,17
45,23
45,4
45,2
45,10
44,8
44,12
44,6
44,25
44,18
44,40
44,6
44,13
44,25
44,21
44,7
44,9
44,8
44,30
44,1
44,7
44,9
44,21
44,1
44,11
44,3
44,21
44,83
44,15
44,24
44,11
44,8
44,1
44,10
44,8
44,25
44,34
44,30
44,23
44,27
44,6
44,17
44,31
44,55
44,34
44,21
44,13
44,47
44,5
44,3
44,2
44,50
44,7
44,3
44,48
44,10
44,65
44,31
44,20
44,5
44,10
44,2
44,6
44,20
44,25
44,21
43,26
43,25
43,28
43,35
43,22
43,34
43,11
43,5
43,20
43,3
43,19
43,17
43,4
43,16
43,10
43,12
43,18
43,14
43,10
43,9
43,2
43,8
43,6
43,19
43,23
43,15
43,46
43,24
43,4
43,23
43,18
43,45
43,14
43,1
43,23
43,40
43,51
43,9
43,24
43,8
43,10
43,7
43,8
43,13
43,4
43,10
43,13
43,12
43,9
43,8
43,17
43,17
43,4
43,4
43,6
43,20
43,24
43,49
43,37
43,19
43,17
43,39
42,6
42,2
42,14
42,18
42,17
42,34
42,8
42,35
42,9
42,17
42,20
42,4
42,26
42,5
42,12
42,8
42,18
42,19
42,10
42,23
42,9
42,2
42,23
42,12
42,3
42,18
42,8
42,18
42,17
42,30
42,9
42,8
42,18
42,32
42,7
42,17
42,37
42,6
42,4
42,11
42,35
42,34
42,12
42,22
42,16
42,14
42,16
42,12
42,18
42,2
42,7
42,15
42,13
42,13
42,7
42,12
42,5
42,10
42,3
42,46
42,25
41,5
41,17
41,7
41,9
41,55
41,16
41,8
41,16
41,6
41,1
41,12
41,17
41,23
41,23
41,30
41,16
41,12
41,132
41,51
41,7
41,8
41,11
41,32
41,8
41,38
41,6
41,13
41,24
41,15
41,8
41,6
41,16
41,19
41,22
41,42
41,27
41,3
41,27
41,18
41,28
41,3
41,11
41,15
41,19
41,4
41,15
41,4
41,25
41,22
41,4
41,36
41,9
41,2
41,8
41,7
41,2
41,29
41,4
41,11
41,23
41,44
41,7
41,8
41,27
41,16
41,5
41,18
41,11
41,27
41,12
41,9
41,22
41,26
41,21
41,5
41,12
40,57
40,6
40,9
40,43
40,7
40,16
40,27
40,33
40,13
40,19
40,21
40,19
40,6
40,10
40,9
40,6
40,15
40,2
40,20
40,4
40,2
40,6
40,8
40,16
40,46
40,1
40,11
40,4
40,19
40,10
40,16
40,64
40,19
40,5
40,20
40,4
40,13
40,17
40,12
40,10
40,7
40,16
40,4
40,10
40,4
40,27
40,12
40,2
40,8
40,17
40,6
40,28
40,5
40,21
40,8
40,26
40,8
40,12
40,21
40,55
39,2
39,3
39,7
39,26
39,58
39,8
39,11
39,23
39,9
39,6
39,32
39,14
39,14
39,19
39,4
39,29
39,10
39,91
39,17
39,4
39,48
39,4
39,19
39,11
39,13
39,5
39,7
39,17
39,12
39,12
39,31
39,35
39,2
39,5
39,9
39,22
39,25
39,6
39,8
39,9
39,23
39,7
39,5
39,13
39,8
39,12
39,11
39,17
39,26
39,9
39,25
39,10
39,18
39,2
39,13
39,14
39,4
39,8
39,10
39,3
39,19
38,6
38,1
38,14
38,6
38,22
38,8
38,34
38,16
38,17
38,13
38,17
38,36
38,1
38,33
38,10
38,25
38,32
38,6
38,7
38,18
38,5
38,15
38,24
38,22
38,11
38,14
38,17
38,2
38,11
38,26
38,11
38,16
38,19
38,1
38,9
38,7
38,23
38,14
38,11
38,8
38,9
38,21
38,11
38,18
38,30
38,36
38,22
38,15
38,8
38,43
38,12
38,14
38,23
38,9
38,31
38,8
38,2
38,15
38,8
38,13
38,10
38,39
38,22
38,18
38,23
38,6
38,20
38,16
38,14
38,6
38,14
38,5
38,29
38,16
38,4
38,25
38,7
38,6
37,28
37,9
37,2
37,6
37,17
37,13
37,10
37,10
37,22
37,12
37,11
37,13
37,10
37,19
37,16
37,13
37,11
37,10
37,24
37,2
37,5
37,8
37,13
37,2
37,1
37,10
37,3
37,9
37,7
37,2
37,7
37,12
37,26
37,40
37,65
37,7
37,18
37,9
37,25
37,3
37,9
37,42
37,18
37,3
37,21
37,9
37,13
37,10
37,9
37,4
37,3
37,6
37,3
37,9
37,16
37,5
37,8
37,2
37,17
37,7
37,19
37,25
37,18
37,10
37,6
37,14
37,4
37,10
37,20
37,16
37,8
37,26
37,14
37,29
37,2
37,21
37,5
37,4
37,1
37,15
36,5
36,14
36,36
36,9
36,11
36,11
36,7
36,13
36,41
36,6
36,8
36,12
36,9
36,25
36,9
36,17
36,5
36,7
36,1
36,17
36,4
36,6
36,31
36,5
36,15
36,5
36,12
36,6
36,6
36,18
36,3
36,12
36,6
36,4
36,17
36,21
36,24
36,64
36,15
36,5
36,5
36,13
36,16
36,25
36,5
36,33
36,4
36,1
36,13
36,15
36,27
36,4
36,40
36,37
36,9
36,5
36,4
36,9
36,9
36,17
36,5
36,18
36,9
36,14
36,14
36,2
35,29
35,16
35,2
35,13
35,5
35,14
35,13
35,8
35,5
35,9
35,8
35,7
35,4
35,6
35,3
35,9
35,1
35,5
35,20
35,7
35,6
35,16
35,12
35,22
35,3
35,8
35,1
35,5
35,1
35,11
35,28
35,1
35,6
35,1
35,10
35,15
35,4
35,1
35,17
35,73
35,18
35,26
35,20
35,4
35,5
35,2
35,36
35,2
35,47
35,11
35,9
35,6
35,34
35,2
35,2
35,15
35,28
35,10
35,15
35,28
35,11
35,3
35,10
35,19
35,7
35,53
35,17
35,9
35,3
35,19
35,8
35,10
35,7
35,10
35,5
35,7
35,7
35,12
35,1
35,2
35,18
35,2
35,9
35,6
35,8
35,9
35,21
35,5
35,10
35,18
35,3
35,3
35,16
35,14
35,8
35,12
35,28
35,4
35,6
35,3
35,37
35,2
35,8
35,16
35,25
35,22
34,5
34,17
34,29
34,45
34,1
34,12
34,13
34,5
34,9
34,4
34,91
34,2
34,8
34,7
34,2
34,8
34,9
34,14
34,2
34,25
34,17
34,5
34,32
34,1
34,95
34,7
34,6
34,5
34,13
34,19
34,18
34,9
34,2
34,4
34,5
34,9
34,6
34,15
34,15
34,15
34,3
34,10
34,12
34,11
34,5
34,17
34,1
34,13
34,91
34,22
34,5
34,7
34,25
34,18
34,10
34,2
34,14
34,1
34,23
34,39
34,28
34,10
34,17
34,55
34,3
34,10
34,21
34,4
34,10
34,2
34,1
34,34
34,8
34,4
34,5
34,9
34,25
34,7
34,11
34,30
34,3
34,24
34,6
34,1
34,11
34,34
34,13
34,6
34,3
34,6
34,13
34,11
34,16
34,7
34,6
34,17
34,2
34,9
34,3
34,6
34,6
33,6
33,3
33,7
33,6
33,6
33,5
33,6
33,18
33,2
33,3
33,7
33,8
33,8
33,5
33,17
33,2
33,27
33,13
33,15
33,12
33,27
33,4
33,3
33,8
33,12
33,5
33,4
33,13
33,2
33,6
33,19
33,29
33,2
33,8
33,3
33,13
33,6
33,6
33,8
33,7
33,15
33,6
33,7
33,10
33,5
33,8
33,18
33,13
33,3
33,6
33,7
33,16
33,18
33,2
33,5
33,109
33,6
33,7
33,20
33,14
33,7
33,6
33,6
33,6
33,20
33,1
33,14
33,27
33,7
33,8
33,8
33,26
33,5
33,18
33,14
33,8
33,3
33,17
33,22
33,6
33,1
33,17
33,5
33,2
33,3
33,15
33,18
33,4
33,27
33,18
33,1
33,5
33,8
32,5
32,8
32,21
32,3
32,8
32,6
32,6
32,6
32,6
32,1
32,11
32,2
32,15
32,24
32,6
32,13
32,23
32,7
32,9
32,17
32,2
32,13
32,6
32,54
32,20
32,3
32,3
32,26
32,6
32,3
32,25
32,8
32,5
32,6
32,17
32,7
32,5
32,12
32,10
32,18
32,23
32,4
32,15
32,2
32,1
32,5
32,22
32,11
32,3
32,27
32,16
32,4
32,16
32,6
32,11
32,10
32,15
32,3
32,3
32,32
32,15
32,6
32,2
32,6
32,19
32,3
32,18
32,9
32,1
32,3
32,54
32,1
32,67
32,12
32,4
32,14
32,6
32,14
32,20
32,6
32,4
32,4
32,8
32,9
32,3
32,2
32,23
32,15
32,5
32,9
32,18
32,4
32,3
32,22
32,8
32,27
32,8
32,12
32,34
32,14
32,7
32,4
32,18
32,8
32,19
31,3
31,2
31,1
31,38
31,6
31,2
31,8
31,2
31,4
31,18
31,11
31,11
31,3
31,3
31,18
31,13
31,12
31,10
31,7
31,6
31,3
31,1
31,8
31,6
31,10
31,2
31,18
31,14
31,9
31,3
31,15
31,4
31,17
31,10
31,1
31,19
31,5
31,9
31,15
31,1
31,22
31,3
31,8
31,11
31,4
31,18
31,20
31,16
31,20
31,6
31,12
31,89
31,17
31,21
31,4
31,18
31,3
31,26
31,5
31,16
31,1
31,8
31,1
31,4
31,3
31,20
31,6
31,3
31,9
31,14
31,18
31,4
31,95
31,3
31,8
31,10
31,9
31,9
31,7
31,49
31,16
31,9
31,3
31,22
31,4
31,4
30,5
30,5
30,4
30,37
30,6
30,53
30,21
30,1
30,3
30,10
30,10
30,3
30,3
30,5
30,9
30,1
30,59
30,11
30,6
30,23
30,15
30,16
30,18
30,33
30,9
30,9
30,6
30,31
30,15
30,8
30,8
30,14
30,6
30,4
30,13
30,6
30,4
30,16
30,7
30,19
30,3
30,2
30,3
30,28
30,2
30,80
30,2
30,7
30,9
30,12
30,20
30,5
30,17
30,19
30,2
30,9
30,6
30,15
30,8
30,3
30,5
30,16
30,17
30,22
30,3
30,13
30,3
30,28
30,37
30,2
30,2
30,3
30,48
30,26
30,10
30,14
30,7
30,14
30,18
30,14
30,4
30,34
30,3
30,9
30,3
30,11
30,14
30,2
30,9
30,21
30,25
30,9
30,31
30,7
30,15
30,5
30,14
30,16
30,7
30,16
30,9
30,2
30,17
30,17
30,20
30,35
30,4
30,12
30,3
30,8
30,6
30,1
30,2
30,10
30,11
30,4
30,4
30,6
30,15
30,34
30,17
30,8
30,11
30,1
30,10
30,6
29,5
29,6
29,4
29,4
29,13
29,6
29,5
29,4
29,1
29,16
29,8
29,8
29,16
29,7
29,3
29,5
29,11
29,4
29,10
29,4
29,24
29,13
29,3
29,3
29,46
29,5
29,5
29,1
29,11
29,4
29,11
29,1
29,13
29,48
29,1
29,5
29,10
29,10
29,16
29,44
29,30
29,2
29,5
29,12
29,22
29,23
29,2
29,34
29,9
29,3
29,6
29,9
29,32
29,10
29,22
29,10
29,6
29,16
29,1
29,43
29,13
29,5
29,24
29,3
29,9
29,3
29,10
29,1
29,36
29,11
29,20
29,20
29,19
29,6
29,6
29,13
29,7
29,38
29,8
29,4
29,33
29,19
29,15
29,2
29,17
29,17
29,4
29,13
29,8
29,31
29,19
29,10
29,7
29,28
29,7
29,10
29,3
29,35
29,23
29,6
29,37
29,1
29,17
29,12
29,5
29,12
29,8
29,6
29,2
29,4
28,1
28,1
28,14
28,32
28,17
28,5
28,8
28,12
28,4
28,2
28,14
28,16
28,11
28,14
28,12
28,4
28,14
28,1
28,16
28,2
28,4
28,3
28,3
28,10
28,24
28,14
28,8
28,47
28,3
28,67
28,10
28,3
28,12
28,22
28,15
28,8
28,3
28,2
28,8
28,5
28,46
28,6
28,8
28,8
28,13
28,21
28,16
28,20
28,18
28,9
28,12
28,4
28,4
28,9
28,15
28,4
28,5
28,9
28,3
28,1
28,15
28,10
28,18
28,4
28,13
28,9
28,3
28,19
28,7
28,10
28,19
28,7
28,11
28,2
28,20
28,9
28,25
28,1
28,8
28,7
28,7
28,7
28,5
28,3
28,9
28,4
28,5
28,5
28,19
28,4
28,11
28,2
28,7
28,10
28,4
28,11
28,3
28,5
28,7
28,3
28,42
28,7
28,7
28,17
28,10
28,22
28,12
28,9
28,14
28,7
28,12
28,18
28,4
28,42
28,9
28,13
28,34
28,10
28,8
28,7
28,11
28,8
28,11
28,7
28,1
28,2
28,10
28,9
28,1
28,9
28,3
27,4
27,9
27,10
27,23
27,41
27,13
27,15
27,7
27,12
27,12
27,4
27,32
27,10
27,3
27,9
27,21
27,3
27,4
27,3
27,8
27,8
27,5
27,2
27,4
27,14
27,8
27,30
27,13
27,6
27,9
27,9
27,7
27,6
27,33
27,4
27,14
27,12
27,6
27,1
27,9
27,2
27,5
27,5
27,2
27,2
27,17
27,14
27,2
27,3
27,22
27,15
27,21
27,9
27,17
27,14
27,24
27,7
27,5
27,6
27,6
27,16
27,75
27,26
27,12
27,12
27,6
27,11
27,2
27,11
27,2
27,12
27,8
27,20
27,10
27,11
27,16
27,20
27,23
27,9
27,40
27,11
27,7
27,10
27,9
27,12
27,6
27,5
27,9
27,8
27,20
27,9
27,3
27,13
27,29
27,3
27,9
27,31
27,5
27,6
27,8
27,15
27,10
27,5
27,8
27,23
27,18
27,2
27,11
27,9
27,33
27,3
27,5
27,11
27,39
27,9
27,12
27,7
27,2
27,12
27,4
27,22
27,3
27,22
27,2
27,64
27,34
27,11
27,9
27,24
27,12
26,20
26,23
26,8
26,11
26,14
26,5
26,29
26,11
26,1
26,3
26,25
26,39
26,6
26,10
26,7
26,12
26,19
26,5
26,4
26,11
26,5
26,2
26,14
26,24
26,2
26,19
26,9
26,6
26,16
26,41
26,10
26,25
26,5
26,6
26,2
26,12
26,14
26,1
26,1
26,12
26,7
26,12
26,6
26,13
26,8
26,6
26,6
26,5
26,21
26,8
26,4
26,11
26,19
26,7
26,1
26,19
26,14
26,10
26,13
26,10
26,2
26,8
26,10
26,8
26,19
26,4
26,21
26,42
26,8
26,13
26,5
26,3
26,3
26,14
26,27
26,10
26,4
26,6
26,3
26,7
26,12
26,3
26,14
26,9
26,7
26,28
26,23
26,28
26,12
26,10
26,16
26,8
26,6
26,3
26,5
26,31
26,8
26,11
26,4
26,10
26,7
26,2
26,3
26,11
26,11
26,5
26,3
26,6
26,9
26,11
26,2
26,5
26,7
26,3
26,32
26,8
26,18
26,4
26,10
26,21
26,16
26,22
26,14
26,5
26,26
26,6
26,25
26,20
26,11
26,6
26,28
26,4
26,7
26,5
26,6
25,12
25,1
25,3
25,2
25,21
25,33
25,7
25,18
25,6
25,15
25,10
25,1
25,17
25,14
25,4
25,4
25,6
25,44
25,14
25,10
25,9
25,7
25,12
25,13
25,4
25,5
25,11
25,1
25,7
25,20
25,14
25,18
25,4
25,17
25,29
25,20
25,6
25,14
25,19
25,4
25,7
25,3
25,5
25,8
25,12
25,15
25,21
25,5
25,6
25,9
25,3
25,2
25,5
25,9
25,1
25,38
25,1
25,4
25,29
25,1
25,15
25,13
25,6
25,5
25,4
25,1
25,16
25,5
25,4
25,13
25,16
25,12
25,26
25,7
25,2
25,5
25,8
25,6
25,21
25,5
25,25
25,8
25,6
25,16
25,4
25,16
25,15
25,23
25,18
25,7
25,9
25,14
25,11
25,25
25,3
25,11
25,9
25,10
25,8
25,12
25,4
25,3
25,21
25,24
25,9
25,6
25,2
25,30
25,46
25,14
25,9
25,19
25,15
25,10
25,5
25,9
25,10
25,10
25,2
25,13
25,18
25,11
25,2
25,6
25,2
25,5
25,10
25,15
25,8
25,9
25,9
25,8
25,17
25,14
25,9
25,8
25,14
25,19
25,5
25,1
25,26
25,7
25,6
25,6
25,16
25,16
25,7
25,10
25,10
25,11
25,4
25,12
25,2
25,10
25,10
25,18
25,29
25,2
25,13
25,8
25,7
24,12
24,5
24,25
24,18
24,2
24,5
24,10
24,25
24,8
24,3
24,2
24,3
24,3
24,11
24,5
24,16
24,5
24,6
24,12
24,9
24,7
24,1
24,20
24,4
24,6
24,13
24,14
24,1
24,4
24,10
24,7
24,5
24,36
24,5
24,5
24,5
24,4
24,6
24,13
24,5
24,9
24,6
24,5
24,6
24,9
24,17
24,9
24,14
24,10
24,6
24,3
24,11
24,4
24,2
24,8
24,4
24,3
24,4
24,4
24,12
24,1
24,4
24,28
24,15
24,14
24,3
24,10
24,6
24,2
24,2
24,49
24,31
24,3
24,2
24,8
24,5
24,5
24,7
24,25
24,12
24,7
24,3
24,2
24,1
24,6
24,2
24,14
24,5
24,28
24,22
24,60
24,4
24,6
24,10
24,2
24,10
24,9
24,11
24,12
24,5
24,15
24,2
24,1
24,20
24,1
24,2
24,9
24,10
24,5
24,5
24,4
24,6
24,7
24,4
24,26
24,4
24,11
24,5
24,4
24,2
24,5
24,2
24,6
24,16
24,5
24,24
24,5
24,9
24,4
24,5
24,1
24,39
24,15
24,7
24,40
24,5
24,1
24,5
24,11
24,2
24,10
24,9
24,42
24,6
24,7
24,7
24,8
24,15
24,8
24,16
24,1
24,1
24,3
24,10
24,4
24,8
24,1
24,17
24,11
24,8
24,5
24,46
24,34
24,11
24,10
24,11
24,9
24,3
24,18
24,7
24,8
24,7
24,2
24,5
24,11
24,3
24,3
24,6
24,20
23,14
23,1
23,15
23,4
23,14
23,6
23,13
23,5
23,5
23,1
23,2
23,16
23,4
23,1
23,12
23,11
23,8
23,2
23,15
23,7
23,7
23,7
23,5
23,14
23,4
23,7
23,46
23,8
23,2
23,18
23,2
23,15
23,6
23,8
23,25
23,5
23,5
23,2
23,15
23,6
23,25
23,6
23,12
23,2
23,1
23,7
23,7
23,4
23,13
23,26
23,33
23,1
23,8
23,45
23,10
23,16
23,4
23,14
23,10
23,16
23,16
23,17
23,1
23,9
23,7
23,8
23,1
23,6
23,10
23,3
23,26
23,5
23,4
23,3
23,3
23,24
23,8
23,10
23,1
23,24
23,8
23,10
23,1
23,12
23,2
23,3
23,2
23,6
23,10
23,21
23,36
23,1
23,5
23,1
23,3
23,14
23,2
23,9
23,28
23,7
23,20
23,3
23,2
23,3
23,6
23,3
23,5
23,2
23,1
23,5
23,11
23,5
23,4
23,9
23,5
23,9
23,5
23,9
23,27
23,1
23,7
23,7
23,35
23,7
23,6
23,7
23,14
23,10
23,5
23,1
23,9
23,2
23,17
23,1
23,14
23,9
23,8
23,22
23,5
23,19
23,17
23,1
23,4
23,4
23,5
23,10
23,4
23,3
23,2
23,1
23,10
23,4
23,8
23,8
23,1
23,10
23,4
23,14
23,4
23,8
23,21
23,4
23,18
23,14
23,16
23,49
23,21
23,40
23,28
23,5
23,8
23,8
23,3
22,2
22,5
22,22
22,2
22,6
22,24
22,10
22,3
22,2
22,5
22,7
22,2
22,4
22,11
22,3
22,5
22,14
22,6
22,2
22,2
22,4
22,5
22,9
22,3
22,9
22,8
22,23
22,15
22,9
22,6
22,7
22,7
22,9
22,8
22,8
22,14
22,7
22,2
22,4
22,14
22,3
22,9
22,17
22,8
22,28
22,17
22,26
22,2
22,3
22,7
22,11
22,8
22,4
22,40
22,16
22,35
22,7
22,10
22,2
22,3
22,6
22,9
22,3
22,9
22,4
22,5
22,10
22,4
22,1
22,2
22,5
22,8
22,64
22,1
22,6
22,3
22,7
22,8
22,2
22,22
22,15
22,4
22,10
22,1
22,3
22,5
22,7
22,3
22,6
22,11
22,8
22,5
22,51
22,9
22,5
22,51
22,9
22,25
22,5
22,4
22,21
22,19
22,6
22,7
22,4
22,4
22,7
22,11
22,23
22,13
22,1
22,15
22,14
22,7
22,9
22,1
22,43
22,10
22,14
22,2
22,18
22,13
22,1
22,24
22,13
22,13
22,12
22,11
22,1
22,7
22,14
22,9
22,21
22,7
22,8
22,8
22,9
22,10
22,1
22,4
22,6
22,3
22,30
22,10
22,12
22,3
22,62
22,9
22,5
22,4
22,16
22,9
22,3
22,3
22,2
22,9
22,13
22,11
21,3
21,6
21,22
21,5
21,5
21,7
21,5
21,1
21,18
21,11
21,17
21,25
21,5
21,9
21,1
21,2
21,9
21,21
21,5
21,2
21,4
21,7
21,7
21,10
21,8
21,4
21,2
21,5
21,13
21,7
21,3
21,3
21,10
21,7
21,5
21,23
21,2
21,5
21,3
21,15
21,1
21,1
21,14
21,6
21,14
21,6
21,1
21,2
21,3
21,4
21,13
21,13
21,5
21,19
21,2
21,6
21,6
21,1
21,31
21,6
21,15
21,10
21,11
21,4
21,4
21,2
21,3
21,2
21,3
21,12
21,11
21,10
21,8
21,28
21,16
21,2
21,5
21,8
21,1
21,10
21,15
21,6
21,7
21,1
21,4
21,8
21,43
21,24
21,15
21,5
21,5
21,8
21,17
21,10
21,5
21,11
21,12
21,5
21,1
21,21
21,7
21,10
21,12
21,10
21,15
21,12
21,8
21,2
21,10
21,28
21,4
21,50
21,25
21,20
21,6
21,10
21,51
21,11
21,26
21,3
21,13
21,7
21,4
21,2
21,3
21,12
21,7
21,2
21,4
21,10
21,7
21,1
21,18
21,2
21,3
21,11
21,10
21,7
21,1
21,1
21,18
21,3
21,2
21,11
21,11
21,5
21,5
21,3
21,19
21,10
21,6
21,21
21,3
21,13
21,14
21,10
21,1
21,5
21,3
21,9
21,16
21,1
20,4
20,1
20,86
20,12
20,20
20,5
20,6
20,7
20,9
20,7
20,11
20,11
20,21
20,7
20,2
20,15
20,9
20,15
20,2
20,13
20,13
20,21
20,5
20,5
20,11
20,1
20,5
20,12
20,13
20,12
20,8
20,4
20,6
20,10
20,1
20,4
20,9
20,9
20,11
20,1
20,6
20,5
20,2
20,12
20,20
20,33
20,12
20,8
20,9
20,5
20,17
20,11
20,14
20,2
20,28
20,12
20,8
20,7
20,3
20,20
20,6
20,22
20,4
20,3
20,5
20,5
20,6
20,4
20,2
20,31
20,7
20,1
20,7
20,2
20,4
20,9
20,5
20,4
20,6
20,10
20,1
20,9
20,1
20,4
20,9
20,9
20,5
20,6
20,4
20,2
20,1
20,11
20,6
20,2
20,5
20,5
20,17
20,11
20,14
20,6
20,3
20,8
20,7
20,3
20,28
20,2
20,12
20,20
20,12
20,8
20,33
20,9
20,12
20,4
20,15
20,5
20,14
20,22
20,4
20,3
20,20
20,6
20,5
20,7
20,2
20,4
20,9
20,7
20,10
20,7
20,18
20,15
20,4
20,2
20,5
20,10
20,9
20,2
20,31
20,7
20,1
20,3
20,7
20,2
20,7
20,25
20,20
20,1
20,34
20,3
20,8
20,3
20,3
20,11
20,3
20,6
20,4
20,16
20,8
20,6
20,10
20,3
20,2
20,4
20,2
20,1
20,2
20,13
20,14
20,9
20,6
20,9
20,6
20,20
20,21
20,4
20,8
20,8
20,10
20,3
20,8
20,6
20,4
20,2
20,6
20,4
20,15
20,34
20,7
20,1
20,15
20,3
20,7
20,7
20,5
20,11
20,8
20,6
20,19
20,15
20,1
20,2
20,2
20,13
20,17
20,4
20,1
20,3
19,9
19,6
19,6
19,1
19,3
19,2
19,7
19,12
19,2
19,16
19,5
19,2
19,1
19,39
19,2
19,3
19,6
19,14
19,2
19,10
19,13
19,18
19,9
19,14
19,5
19,3
19,7
19,3
19,3
19,6
19,3
19,7
19,11
19,8
19,8
19,2
19,6
19,3
19,11
19,6
19,1
19,9
19,21
19,1
19,4
19,4
19,5
19,5
19,1
19,3
19,2
19,4
19,11
19,7
19,9
19,5
19,7
19,17
19,4
19,8
19,13
19,39
19,8
19,5
19,2
19,17
19,3
19,4
19,6
19,28
19,12
19,1
19,1
19,11
19,7
19,7
19,3
19,8
19,2
19,12
19,6
19,1
19,19
19,1
19,3
19,5
19,8
19,5
19,15
19,5
19,5
19,3
19,6
19,4
19,43
19,12
19,4
19,7
19,7
19,8
19,10
19,1
19,6
19,4
19,3
19,1
19,3
19,17
19,6
19,2
19,7
19,10
19,6
19,19
19,14
19,7
19,2
19,6
19,4
19,19
19,2
19,13
19,5
19,2
19,3
19,3
19,50
19,15
19,1
19,8
19,11
19,7
19,3
19,5
19,11
19,14
19,85
19,2
19,8
19,42
19,12
19,5
19,4
19,1
19,12
19,22
19,2
19,20
19,1
19,6
19,1
19,1
19,10
19,6
19,3
19,4
19,8
19,6
19,6
19,5
19,10
19,21
19,4
19,4
19,6
19,14
19,5
19,8
19,8
19,12
19,9
19,22
19,15
19,6
19,1
19,24
19,2
19,16
19,5
19,9
19,8
19,5
19,13
19,8
19,24
19,14
19,7
19,3
19,17
19,13
19,2
19,8
19,11
19,3
19,1
19,12
19,12
19,12
19,4
19,3
19,5
19,2
19,22
19,23
19,16
19,9
19,11
19,6
19,4
19,6
19,15
19,5
19,3
19,6
19,13
19,5
19,9
19,20
19,6
19,8
19,4
19,20
19,11
19,5
19,1
19,8
19,16
19,11
19,9
19,5
19,2
19,13
19,2
19,13
19,13
19,11
19,7
19,20
18,9
18,8
18,7
18,9
18,8
18,6
18,9
18,2
18,10
18,59
18,22
18,4
18,21
18,5
18,5
18,4
18,2
18,1
18,2
18,1
18,1
18,9
18,7
18,5
18,2
18,6
18,7
18,18
18,1
18,2
18,1
18,3
18,7
18,2
18,13
18,2
18,4
18,8
18,10
18,2
18,3
18,12
18,7
18,5
18,2
18,10
18,1
18,8
18,7
18,1
18,25
18,8
18,9
18,4
18,4
18,4
18,8
18,11
18,18
18,2
18,4
18,1
18,4
18,2
18,6
18,3
18,3
18,3
18,19
18,6
18,12
18,7
18,4
18,12
18,7
18,12
18,12
18,17
18,13
18,1
18,2
18,9
18,1
18,11
18,7
18,7
18,3
18,2
18,6
18,10
18,3
18,4
18,11
18,4
18,5
18,22
18,28
18,5
18,11
18,1
18,1
18,9
18,11
18,4
18,2
18,3
18,7
18,6
18,1
18,4
18,10
18,2
18,15
18,1
18,12
18,6
18,2
18,1
18,7
18,10
18,5
18,11
18,6
18,3
18,6
18,7
18,1
18,14
18,12
18,4
18,1
18,5
18,10
18,3
18,5
18,18
18,4
18,9
18,1
18,4
18,6
18,14
18,9
18,23
18,8
18,14
18,15
18,10
18,10
18,4
18,9
18,6
18,1
18,5
18,11
18,8
18,5
18,5
18,6
18,11
18,5
18,5
18,7
18,1
18,4
18,23
18,4
18,11
18,8
18,12
18,4
18,6
18,3
18,9
18,16
18,7
18,3
18,2
18,8
18,7
18,19
18,12
18,2
18,1
18,6
18,12
18,7
18,4
18,3
18,15
18,12
18,12
18,1
18,20
18,13
18,6
18,6
18,12
18,9
18,35
18,8
18,7
18,36
18,8
18,4
18,9
18,35
18,1
18,7
18,1
18,1
18,8
18,3
18,5
18,10
18,5
18,9
18,5
18,5
18,11
18,2
18,19
18,8
18,3
18,7
18,4
18,12
18,1
17,8
17,4
17,7
17,1
17,10
17,7
17,7
17,4
17,1
17,8
17,2
17,8
17,7
17,6
17,5
17,7
17,1
17,7
17,1
17,8
17,2
17,1
17,2
17,4
17,1
17,7
17,3
17,2
17,6
17,7
17,10
17,8
17,8
17,2
17,1
17,5
17,4
17,13
17,2
17,5
17,3
17,5
17,9
17,21
17,3
17,41
17,1
17,4
17,9
17,5
17,6
17,12
17,6
17,16
17,11
17,1
17,4
17,12
17,2
17,6
17,15
17,7
17,4
17,26
17,5
17,8
17,4
17,2
17,2
17,3
17,6
17,2
17,5
17,7
17,16
17,9
17,3
17,12
17,5
17,6
17,31
17,24
17,7
17,24
17,4
17,1
17,6
17,5
17,10
17,3
17,7
17,4
17,9
17,5
17,10
17,5
17,3
17,13
17,26
17,8
17,5
17,3
17,5
17,8
17,2
17,2
17,2
17,9
17,7
17,2
17,7
17,2
17,3
17,6
17,9
17,7
17,33
17,9
17,37
17,1
17,83
17,18
17,8
17,5
17,9
17,1
17,10
17,10
17,6
17,25
17,9
17,4
17,4
17,1
17,17
17,7
17,4
17,3
17,14
17,2
17,9
17,3
17,8
17,2
17,5
17,15
17,2
17,9
17,7
17,7
17,2
17,2
17,14
17,6
17,7
17,2
17,4
17,3
17,17
17,4
17,9
17,5
17,3
17,4
17,4
17,5
17,29
17,3
17,17
17,11
17,10
17,6
17,5
17,2
17,5
17,4
17,7
17,2
17,3
17,4
17,2
17,4
17,17
17,18
17,8
17,2
17,5
17,4
17,2
17,1
17,11
17,28
17,8
17,4
17,1
17,4
17,7
17,7
17,10
17,7
17,4
17,9
17,11
17,5
17,1
17,2
17,2
17,14
17,8
17,6
17,16
17,1
17,4
17,4
17,8
17,2
17,21
17,12
17,2
17,4
17,8
17,5
17,1
17,15
17,20
17,19
17,3
17,3
17,1
17,30
17,6
17,3
17,4
17,3
17,11
17,5
17,18
17,12
17,5
17,2
17,7
17,11
17,5
17,2
17,7
17,9
17,19
17,1
17,8
17,3
17,12
17,11
17,3
17,5
17,2
17,2
17,6
17,13
17,10
16,2
16,6
16,5
16,5
16,9
16,5
16,4
16,5
16,3
16,2
16,6
16,2
16,3
16,5
16,6
16,1
16,2
16,6
16,4
16,2
16,10
16,3
16,18
16,12
16,7
16,2
16,7
16,1
16,3
16,3
16,10
16,9
16,7
16,2
16,4
16,4
16,10
16,3
16,2
16,1
16,7
16,7
16,12
16,3
16,2
16,5
16,2
16,1
16,5
16,8
16,5
16,3
16,2
16,7
16,8
16,5
16,2
16,13
16,10
16,2
16,3
16,6
16,6
16,3
16,4
16,5
16,20
16,13
16,4
16,3
16,3
16,3
16,3
16,4
16,8
16,7
16,2
16,6
16,1
16,1
16,7
16,7
16,5
16,3
16,10
16,4
16,10
16,4
16,6
16,5
16,3
16,3
16,17
16,6
16,6
16,8
16,10
16,2
16,2
16,6
16,4
16,2
16,4
16,13
16,3
16,33
16,8
16,7
16,3
16,9
16,9
16,7
16,5
16,18
16,5
16,2
16,7
16,4
16,2
16,1
16,3
16,9
16,2
16,5
16,5
16,4
16,12
16,1
16,41
16,10
16,7
16,3
16,5
16,17
16,2
16,2
16,7
16,11
16,1
16,9
16,16
16,4
16,2
16,72
16,7
16,13
16,13
16,20
16,3
16,5
16,16
16,7
16,3
16,3
16,1
16,5
16,4
16,15
16,7
16,18
16,10
16,5
16,8
16,1
16,5
16,3
16,5
16,2
16,11
16,4
16,7
16,2
16,8
16,4
16,3
16,2
16,5
16,3
16,2
16,10
16,3
16,10
16,4
16,12
16,13
16,28
16,7
16,7
16,5
16,15
16,9
16,14
16,10
16,4
16,19
16,1
16,10
16,4
16,15
16,4
16,8
16,4
16,1
16,2
16,16
16,3
16,6
16,4
16,10
16,9
16,3
16,16
16,15
16,1
16,3
16,4
16,11
16,7
16,5
16,17
16,2
16,8
16,6
16,11
16,9
16,2
16,12
16,12
16,8
16,6
16,16
16,3
16,7
16,3
16,2
16,13
16,67
16,5
16,7
16,20
16,3
16,8
16,4
16,2
16,8
16,42
16,11
16,5
16,6
16,5
16,17
16,7
16,10
16,7
16,14
16,9
16,7
16,3
16,6
16,6
16,19
16,1
16,20
16,2
16,15
16,11
16,5
16,2
16,11
16,13
16,9
15,12
15,12
15,6
15,11
15,3
15,1
15,2
15,2
15,10
15,5
15,3
15,17
15,12
15,4
15,4
15,4
15,7
15,2
15,12
15,5
15,1
15,3
15,7
15,28
15,7
15,19
15,1
15,7
15,2
15,3
15,3
15,6
15,4
15,6
15,6
15,3
15,3
15,2
15,18
15,2
15,3
15,5
15,10
15,7
15,1
15,6
15,2
15,8
15,14
15,5
15,2
15,4
15,6
15,7
15,1
15,24
15,2
15,2
15,3
15,3
15,1
15,6
15,4
15,3
15,4
15,5
15,3
15,3
15,29
15,1
15,5
15,9
15,1
15,10
15,1
15,3
15,6
15,6
15,3
15,6
15,15
15,10
15,6
15,7
15,2
15,8
15,1
15,7
15,4
15,2
15,21
15,2
15,17
15,2
15,4
15,12
15,8
15,6
15,2
15,2
15,2
15,3
15,5
15,8
15,4
15,9
15,3
15,10
15,7
15,3
15,23
15,3
15,6
15,5
15,3
15,12
15,5
15,4
15,3
15,2
15,1
15,2
15,1
15,5
15,5
15,2
15,4
15,1
15,5
15,3
15,5
15,7
15,17
15,11
15,3
15,2
15,4
15,17
15,1
15,3
15,23
15,7
15,15
15,3
15,14
15,4
15,4
15,6
15,5
15,7
15,3
15,8
15,6
15,5
15,65
15,8
15,2
15,3
15,2
15,28
15,15
15,5
15,20
15,17
15,7
15,6
15,3
15,10
15,9
15,9
15,7
15,2
15,4
15,5
15,11
15,5
15,1
15,3
15,7
15,2
15,28
15,15
15,6
15,1
15,15
15,8
15,16
15,16
15,2
15,17
15,11
15,22
15,38
15,5
15,6
15,19
15,25
15,11
15,1
15,6
15,25
15,1
15,44
15,8
15,3
15,5
15,1
15,13
15,6
15,10
15,2
15,6
15,5
15,10
15,12
15,1
15,5
15,8
15,9
15,6
15,9
15,8
15,4
15,17
15,1
15,21
15,1
15,1
15,1
15,5
15,22
15,6
15,3
15,4
15,7
15,3
15,8
15,21
15,7
15,6
15,4
15,12
15,3
15,10
15,6
15,7
15,1
15,5
15,3
15,5
15,4
15,1
15,5
15,11
15,4
15,5
15,11
15,1
15,1
15,1
15,18
15,16
15,7
15,22
15,12
15,15
15,1
15,5
15,6
15,8
15,13
15,2
15,4
15,15
15,3
15,7
15,10
15,7
15,3
15,3
15,1
15,9
15,4
15,6
15,5
15,8
15,12
15,10
15,11
15,8
15,3
15,8
15,11
15,5
15,2
15,9
15,1
15,8
15,5
15,44
15,5
15,2
15,4
15,6
15,3
15,4
15,7
15,4
15,12
15,3
14,5
14,4
14,11
14,4
14,2
14,7
14,4
14,7
14,1
14,8
14,4
14,1
14,12
14,5
14,18
14,7
14,4
14,10
14,1
14,5
14,12
14,7
14,4
14,2
14,1
14,10
14,2
14,1
14,10
14,7
14,16
14,3
14,15
14,1
14,6
14,5
14,1
14,5
14,6
14,1
14,2
14,5
14,15
14,6
14,7
14,2
14,11
14,10
14,10
14,3
14,7
14,2
14,4
14,4
14,5
14,2
14,10
14,7
14,8
14,4
14,1
14,2
14,3
14,2
14,30
14,6
14,1
14,2
14,3
14,3
14,5
14,5
14,1
14,14
14,5
14,13
14,1
14,3
14,4
14,1
14,6
14,2
14,1
14,3
14,4
14,5
14,3
14,2
14,8
14,10
14,4
14,5
14,4
14,2
14,8
14,2
14,6
14,2
14,13
14,13
14,7
14,4
14,8
14,2
14,2
14,6
14,2
14,20
14,3
14,1
14,6
14,19
14,11
14,4
14,2
14,3
14,4
14,7
14,6
14,9
14,4
14,3
14,6
14,12
14,3
14,5
14,3
14,11
14,6
14,4
14,2
14,5
14,5
14,1
14,1
14,6
14,1
14,2
14,23
14,42
14,25
14,6
14,6
14,6
14,1
14,5
14,9
14,18
14,9
14,12
14,13
14,13
14,6
14,34
14,12
14,1
14,6
14,9
14,4
14,1
14,30
14,7
14,8
14,2
14,1
14,3
14,4
14,3
14,4
14,8
14,9
14,5
14,6
14,7
14,4
14,9
14,3
14,6
14,3
14,12
14,5
14,3
14,5
14,5
14,2
14,4
14,12
14,12
14,7
14,5
14,6
14,2
14,2
14,2
14,3
14,3
14,6
14,6
14,1
14,13
14,8
14,10
14,11
14,10
14,4
14,3
14,8
14,8
14,16
14,13
14,1
14,6
14,1
14,1
14,13
14,8
14,7
14,3
14,7
14,2
14,19
14,5
14,3
14,13
14,5
14,3
14,3
14,4
14,10
14,2
14,10
14,3
14,2
14,7
14,4
14,1
14,6
14,14
14,6
14,3
14,2
14,8
14,5
14,4
14,2
14,2
14,8
14,3
14,10
14,3
14,14
14,3
14,1
14,4
14,5
14,3
14,1
14,2
14,1
14,1
14,2
14,4
14,12
14,6
14,8
14,2
14,1
14,6
14,8
14,3
14,10
14,1
14,1
14,2
14,6
14,5
14,9
14,6
14,6
14,4
14,8
14,3
14,6
14,18
14,3
14,3
14,2
14,14
14,19
14,4
14,13
14,3
14,13
14,2
14,2
14,2
14,3
14,5
14,13
14,2
14,3
14,6
14,8
14,18
14,2
14,4
14,2
14,5
14,3
14,10
14,2
14,8
14,8
14,12
14,1
14,3
14,4
14,4
14,10
14,6
14,5
14,12
14,6
14,8
13,6
13,3
13,4
13,1
13,3
13,9
13,8
13,1
13,9
13,2
13,8
13,4
13,3
13,7
13,1
13,4
13,3
13,8
13,3
13,13
13,8
13,5
13,2
13,3
13,7
13,7
13,2
13,1
13,9
13,5
13,5
13,4
13,5
13,4
13,1
13,14
13,8
13,3
13,7
13,8
13,5
13,5
13,3
13,11
13,3
13,3
13,2
13,5
13,1
13,5
13,5
13,11
13,9
13,3
13,1
13,4
13,2
13,11
13,4
13,2
13,2
13,3
13,3
13,1
13,1
13,6
13,9
13,6
13,6
13,5
13,5
13,4
13,2
13,15
13,2
13,6
13,3
13,4
13,13
13,9
13,1
13,1
13,3
13,2
13,4
13,3
13,2
13,1
13,1
13,9
13,6
13,1
13,1
13,7
13,3
13,12
13,4
13,6
13,15
13,5
13,1
13,1
13,4
13,5
13,6
13,5
13,5
13,5
13,1
13,3
13,2
13,4
13,7
13,6
13,1
13,12
13,4
13,2
13,3
13,4
13,3
13,6
13,14
13,8
13,5
13,3
13,5
13,17
13,14
13,1
13,6
13,2
13,6
13,6
13,5
13,14
13,3
13,7
13,2
13,3
13,4
13,1
13,8
13,4
13,8
13,2
13,9
13,10
13,2
13,6
13,2
13,11
13,3
13,1
13,13
13,3
13,5
13,6
13,11
13,5
13,5
13,1
13,1
13,8
13,14
13,3
13,11
13,4
13,4
13,4
13,2
13,5
13,10
13,5
13,1
13,4
13,9
13,4
13,6
13,3
13,1
13,2
13,3
13,2
13,8
13,3
13,1
13,10
13,3
13,12
13,9
13,9
13,2
13,8
13,1
13,5
13,2
13,3
13,1
13,2
13,10
13,12
13,3
13,10
13,8
13,4
13,8
13,3
13,22
13,4
13,3
13,10
13,4
13,1
13,2
13,7
13,5
13,13
13,8
13,21
13,4
13,10
13,3
13,5
13,6
13,5
13,4
13,4
13,13
13,2
13,1
13,6
13,1
13,11
13,1
13,5
13,7
13,94
13,4
13,4
13,7
13,6
13,3
13,9
13,5
13,6
13,11
13,8
13,2
13,4
13,2
13,1
13,2
13,2
13,17
13,19
13,4
13,6
13,2
13,6
13,10
13,8
13,2
13,11
13,4
13,4
13,86
13,44
13,8
13,3
13,5
13,14
13,2
13,4
13,1
13,2
13,5
13,6
13,13
13,6
13,7
13,1
13,7
13,3
13,6
13,9
13,4
13,3
13,11
13,3
13,3
13,2
13,6
13,6
13,4
13,2
13,9
13,12
13,14
13,1
13,1
13,10
13,5
13,5
13,7
13,6
13,7
13,10
13,2
13,5
13,3
13,5
13,1
13,4
13,1
13,2
13,1
13,1
13,4
13,3
13,9
13,6
13,1
13,7
13,3
13,7
13,10
13,9
13,3
13,3
13,1
13,7
13,4
13,1
13,7
13,3
13,7
13,3
13,1
13,5
13,3
13,15
13,5
13,6
13,1
13,7
13,4
13,7
13,4
13,2
13,1
13,10
13,6
13,3
13,1
13,43
13,5
13,6
13,5
13,26
13,32
13,12
13,2
13,14
13,4
13,18
13,4
13,15
13,4
13,1
13,3
13,4
13,4
13,6
13,3
13,4
12,2
12,2
12,7
12,17
12,3
12,5
12,1
12,1
12,7
12,2
12,2
12,8
12,2
12,18
12,1
12,2
12,2
12,2
12,6
12,12
12,16
12,19
12,5
12,7
12,5
12,7
12,3
12,3
12,10
12,10
12,16
12,1
12,3
12,3
12,1
12,3
12,6
12,4
12,5
12,3
12,1
12,6
12,9
12,1
12,2
12,15
12,5
12,12
12,3
12,1
12,6
12,2
12,3
12,4
12,3
12,4
12,3
12,5
12,8
12,2
12,1
12,2
12,9
12,18
12,2
12,5
12,8
12,8
12,3
12,4
12,1
12,10
12,5
12,7
12,7
12,10
12,6
12,8
12,1
12,8
12,8
12,5
12,14
12,4
12,3
12,4
12,7
12,5
12,2
12,6
12,3
12,7
12,23
12,9
12,10
12,2
12,7
12,1
12,9
12,2
12,13
12,8
12,5
12,2
12,1
12,2
12,3
12,8
12,6
12,3
12,4
12,9
12,5
12,4
12,6
12,4
12,5
12,4
12,8
12,2
12,2
12,5
12,8
12,5
12,1
12,1
12,4
12,3
12,6
12,14
12,12
12,1
12,4
12,10
12,2
12,7
12,4
12,1
12,5
12,4
12,4
12,2
12,1
12,4
12,6
12,5
12,2
12,2
12,2
12,1
12,13
12,5
12,2
12,5
12,4
12,1
12,4
12,7
12,2
12,8
12,2
12,3
12,7
12,3
12,5
12,8
12,3
12,2
12,1
12,10
12,4
12,16
12,2
12,5
12,6
12,5
12,5
12,4
12,4
12,11
12,4
12,16
12,6
12,14
12,6
12,7
12,4
12,3
12,13
12,5
12,4
12,10
12,1
12,3
12,22
12,1
12,3
12,2
12,1
12,7
12,1
12,2
12,1
12,4
12,5
12,3
12,13
12,3
12,5
12,1
12,7
12,6
12,4
12,2
12,14
12,2
12,4
12,2
12,1
12,19
12,4
12,4
12,4
12,16
12,10
12,5
12,2
12,5
12,3
12,3
12,2
12,113
12,5
12,9
12,7
12,4
12,7
12,5
12,5
12,2
12,2
12,1
12,9
12,3
12,6
12,5
12,2
12,13
12,3
12,1
12,5
12,7
12,9
12,5
12,14
12,2
12,2
12,3
12,2
12,12
12,2
12,6
12,6
12,9
12,7
12,1
12,1
12,3
12,7
12,4
12,8
12,12
12,2
12,8
12,10
12,1
12,2
12,8
12,3
12,2
12,2
12,9
12,4
12,2
12,3
12,3
12,1
12,1
12,6
12,14
12,7
12,13
12,6
12,5
12,11
12,2
12,9
12,3
12,4
12,3
12,5
12,7
12,7
12,1
12,5
12,2
12,1
12,11
12,6
12,12
12,6
12,8
12,5
12,6
12,6
12,2
12,1
12,2
12,4
12,14
12,6
12,3
12,1
12,3
12,3
12,1
12,5
12,2
12,2
12,6
12,13
12,11
12,5
12,2
12,8
12,6
12,9
12,4
12,5
12,3
12,3
12,2
12,1
12,2
12,3
12,9
12,2
12,3
12,2
12,13
12,6
12,2
12,1
12,1
12,2
12,13
12,7
12,2
12,2
12,4
12,9
12,2
12,2
12,8
12,9
12,7
12,2
12,6
12,7
12,8
12,3
12,3
12,8
12,2
12,6
12,3
12,5
12,3
12,2
12,3
12,8
12,2
12,6
12,1
12,7
12,15
12,4
12,2
12,3
12,9
12,10
12,3
12,3
12,7
12,7
12,3
12,21
12,2
12,3
12,8
12,6
12,10
12,10
12,7
12,12
12,6
12,2
11,18
11,6
11,10
11,1
11,2
11,4
11,18
11,24
11,5
11,9
11,1
11,1
11,1
11,1
11,11
11,3
11,1
11,2
11,1
11,4
11,2
11,9
11,7
11,2
11,4
11,1
11,7
11,2
11,1
11,5
11,5
11,1
11,8
11,13
11,3
11,5
11,1
11,5
11,5
11,3
11,6
11,2
11,3
11,2
11,1
11,3
11,5
11,3
11,1
11,16
11,3
11,2
11,8
11,12
11,10
11,4
11,2
11,2
11,1
11,14
11,16
11,10
11,8
11,1
11,23
11,2
11,12
11,10
11,1
11,4
11,3
11,1
11,9
11,7
11,4
11,6
11,5
11,1
11,3
11,4
11,3
11,3
11,12
11,1
11,6
11,16
11,5
11,1
11,4
11,2
11,6
11,2
11,1
11,7
11,7
11,20
11,4
11,5
11,3
11,2
11,5
11,4
11,1
11,1
11,8
11,3
11,3
11,12
11,4
11,1
11,4
11,1
11,1
11,7
11,5
11,25
11,3
11,2
11,2
11,3
11,1
11,23
11,6
11,1
11,9
11,8
11,4
11,4
11,12
11,1
11,18
11,3
11,6
11,6
11,4
11,4
11,5
11,4
11,24
11,8
11,12
11,3
11,6
11,1
11,2
11,4
11,9
11,6
11,3
11,6
11,4
11,5
11,3
11,6
11,4
11,1
11,14
11,4
11,1
11,3
11,6
11,8
11,11
11,2
11,1
11,2
11,2
11,4
11,6
11,10
11,5
11,3
11,5
11,2
11,13
11,7
11,4
11,2
11,1
11,1
11,13
11,1
11,1
11,4
11,3
11,1
11,3
11,3
11,9
11,5
11,4
11,18
11,7
11,1
11,10
11,3
11,10
11,11
11,4
11,4
11,4
11,5
11,9
11,2
11,4
11,10
11,19
11,39
11,5
11,4
11,2
11,4
11,4
11,2
11,2
11,6
11,9
11,9
11,12
11,15
11,2
11,3
11,7
11,4
11,13
11,14
11,9
11,4
11,11
11,4
11,5
11,2
11,9
11,3
11,1
11,19
11,1
11,5
11,11
11,7
11,6
11,3
11,5
11,1
11,3
11,3
11,3
11,6
11,2
11,6
11,15
11,1
11,13
11,3
11,6
11,2
11,6
11,15
11,1
11,13
11,9
11,7
11,11
11,1
11,2
11,3
11,3
11,6
11,4
11,2
11,3
11,1
11,8
11,13
11,5
11,6
11,8
11,2
11,2
11,10
11,3
11,4
11,3
11,1
11,2
11,3
11,3
11,5
11,1
11,10
11,2
11,1
11,8
11,6
11,2
11,5
11,1
11,7
11,3
11,13
11,9
11,21
11,3
11,1
11,4
11,8
11,1
11,19
11,1
11,6
11,5
11,113
11,8
11,11
11,2
11,7
11,6
11,18
11,4
11,6
11,7
11,4
11,1
11,13
11,1
11,2
11,2
11,1
11,1
11,4
11,3
11,5
11,7
11,3
11,10
11,2
11,8
11,21
11,14
11,11
11,1
11,5
11,19
11,5
11,2
11,2
11,4
11,7
11,3
11,1
11,1
11,11
11,4
11,4
11,4
11,1
11,1
11,4
11,2
11,12
11,4
11,5
11,5
11,5
11,1
11,5
11,3
11,18
11,1
11,3
11,3
11,1
11,2
11,5
11,1
11,4
11,3
11,9
11,4
11,2
11,8
11,23
11,3
11,12
11,3
11,3
11,3
11,2
11,7
11,2
11,4
11,6
11,5
11,3
11,14
11,9
11,6
11,1
11,6
11,6
11,12
11,8
11,2
11,3
11,3
11,5
11,10
11,2
11,2
11,2
11,1
11,1
11,2
11,3
11,2
11,8
11,7
11,5
11,6
11,1
11,5
11,10
11,6
11,3
11,3
11,6
11,3
11,7
11,2
11,6
11,5
11,2
11,6
11,1
11,4
11,4
11,3
11,5
11,10
11,7
11,9
11,2
11,10
11,3
11,2
11,10
11,1
11,5
11,1
11,3
11,2
11,4
11,8
11,3
11,1
11,3
11,2
11,5
11,4
11,10
11,8
11,9
11,19
11,3
11,4
11,3
11,9
11,4
11,2
11,3
11,17
11,9
11,13
11,10
11,12
11,1
11,8
11,2
11,6
11,6
11,7
11,8
11,4
10,6
10,8
10,4
10,4
10,1
10,2
10,1
10,1
10,4
10,2
10,11
10,3
10,10
10,4
10,1
10,1
10,2
10,4
10,1
10,5
10,2
10,11
10,4
10,5
10,1
10,1
10,3
10,3
10,2
10,1
10,1
10,3
10,2
10,2
10,18
10,1
10,1
10,8
10,4
10,2
10,2
10,35
10,13
10,3
10,4
10,5
10,1
10,6
10,4
10,4
10,4
10,3
10,1
10,9
10,1
10,9
10,3
10,4
10,2
10,3
10,5
10,2
10,2
10,5
10,2
10,3
10,2
10,1
10,2
10,5
10,1
10,3
10,4
10,2
10,4
10,4
10,1
10,3
10,1
10,2
10,1
10,1
10,2
10,10
10,6
10,6
10,192
10,2
10,10
10,3
10,3
10,2
10,2
10,3
10,1
10,5
10,4
10,7
10,3
10,3
10,10
10,1
10,17
10,9
10,12
10,1
10,9
10,2
10,6
10,13
10,8
10,6
10,17
10,5
10,4
10,2
10,4
10,1
10,2
10,4
10,6
10,2
10,2
10,3
10,11
10,1
10,2
10,1
10,3
10,1
10,2
10,1
10,1
10,4
10,5
10,8
10,1
10,2
10,3
10,11
10,5
10,9
10,1
10,3
10,6
10,3
10,3
10,1
10,3
10,6
10,1
10,5
10,1
10,2
10,7
10,8
10,9
10,4
10,2
10,3
10,11
10,2
10,1
10,10
10,3
10,1
10,1
10,18
10,1
10,12
10,3
10,2
10,18
10,4
10,2
10,5
10,1
10,2
10,2
10,5
10,4
10,6
10,5
10,1
10,1
10,6
10,1
10,2
10,7
10,3
10,1
10,3
10,5
10,4
10,9
10,2
10,3
10,1
10,1
10,8
10,2
10,14
10,4
10,2
10,2
10,5
10,9
10,3
10,4
10,4
10,2
10,1
10,1
10,1
10,1
10,1
10,11
10,1
10,3
10,6
10,2
10,3
10,3
10,14
10,2
10,5
10,1
10,2
10,4
10,2
10,1
10,1
10,17
10,2
10,3
10,4
10,10
10,1
10,6
10,5
10,3
10,2
10,8
10,3
10,11
10,4
10,14
10,66
10,2
10,1
10,4
10,4
10,1
10,4
10,50
10,2
10,6
10,8
10,4
10,3
10,4
10,4
10,4
10,6
10,2
10,6
10,9
10,8
10,2
10,5
10,9
10,25
10,3
10,4
10,3
10,3
10,2
10,53
10,3
10,2
10,8
10,3
10,4
10,4
10,4
10,10
10,4
10,1
10,1
10,2
10,4
10,6
10,3
10,3
10,4
10,11
10,4
10,6
10,12
10,7
10,1
10,11
10,3
10,7
10,1
10,5
10,7
10,1
10,6
10,2
10,8
10,4
10,9
10,4
10,6
10,1
10,5
10,1
10,11
10,4
10,7
10,3
10,1
10,7
10,5
10,6
10,1
10,4
10,8
10,9
10,4
10,1
10,5
10,6
10,1
10,1
10,5
10,2
10,5
10,4
10,2
10,2
10,7
10,1
10,8
10,1
10,1
10,3
10,8
10,1
10,5
10,4
10,1
10,4
10,10
10,6
10,5
10,3
10,7
10,8
10,12
10,3
10,10
10,4
10,2
10,2
10,4
10,3
10,1
10,4
10,2
10,2
10,2
10,7
10,6
10,8
10,2
10,1
10,6
10,5
10,20
10,4
10,22
10,4
10,2
10,11
10,3
10,5
10,6
10,1
10,4
10,9
10,3
10,9
10,4
10,4
10,9
10,1
10,4
10,5
10,13
10,2
10,4
10,8
10,43
10,17
10,1
10,2
10,3
10,12
10,5
10,4
10,1
10,3
10,3
10,5
10,2
10,12
10,3
10,8
10,1
10,1
10,2
10,9
10,16
10,1
10,20
10,4
10,1
10,7
10,4
10,1
10,12
10,6
10,4
10,9
10,5
10,4
10,1
10,2
10,14
10,4
10,4
10,2
10,3
10,2
10,2
10,4
10,2
10,7
10,5
10,1
10,8
10,1
10,1
10,1
10,4
10,1
10,5
10,11
10,4
10,2
10,10
10,1
10,16
10,4
10,1
10,1
10,3
10,6
10,20
10,3
10,5
10,15
10,5
10,3
10,6
10,5
10,11
10,1
10,3
10,2
10,2
10,4
10,4
10,5
10,9
10,4
10,1
10,5
10,9
10,14
10,8
10,3
10,1
10,2
10,1
10,9
10,3
10,8
10,1
10,3
10,12
10,1
10,4
10,5
10,3
10,5
10,4
10,10
10,6
10,5
10,1
10,3
10,11
10,11
10,6
10,14
10,1
10,1
10,5
10,3
10,1
10,3
10,1
10,5
10,11
10,1
10,4
10,12
10,2
10,4
10,2
10,2
10,3
10,6
10,10
10,5
10,1
10,2
10,1
10,8
10,4
10,3
10,5
10,2
10,6
10,1
10,4
10,2
10,3
10,6
10,1
10,11
10,5
10,5
9,9
9,2
9,6
9,4
9,6
9,2
9,1
9,1
9,6
9,2
9,1
9,1
9,1
9,3
9,10
9,2
9,3
9,2
9,9
9,2
9,1
9,5
9,7
9,6
9,7
9,8
9,1
9,3
9,5
9,3
9,2
9,4
9,18
9,1
9,1
9,5
9,10
9,2
9,1
9,2
9,3
9,7
9,2
9,1
9,1
9,2
9,2
9,3
9,9
9,5
9,2
9,2
9,4
9,3
9,6
9,3
9,1
9,1
9,1
9,2
9,2
9,4
9,8
9,3
9,3
9,1
9,4
9,6
9,3
9,7
9,1
9,4
9,1
9,5
9,5
9,1
9,2
9,5
9,6
9,9
9,1
9,4
9,9
9,7
9,3
9,1
9,2
9,3
9,9
9,7
9,8
9,3
9,9
9,8
9,7
9,14
9,4
9,10
9,6
9,3
9,2
9,4
9,2
9,3
9,5
9,7
9,1
9,7
9,1
9,1
9,4
9,6
9,4
9,1
9,1
9,5
9,2
9,4
9,5
9,17
9,6
9,6
9,1
9,1
9,2
9,5
9,1
9,1
9,7
9,7
9,2
9,6
9,5
9,4
9,1
9,5
9,9
9,2
9,3
9,2
9,1
9,1
9,3
9,3
9,2
9,3
9,2
9,13
9,1
9,1
9,7
9,2
9,3
9,4
9,6
9,1
9,7
9,5
9,2
9,2
9,1
9,2
9,3
9,13
9,2
9,4
9,2
9,2
9,10
9,3
9,5
9,5
9,1
9,3
9,1
9,4
9,6
9,2
9,4
9,4
9,5
9,1
9,5
9,1
9,1
9,1
9,3
9,15
9,7
9,2
9,3
9,5
9,2
9,1
9,3
9,3
9,10
9,4
9,3
9,1
9,1
9,4
9,1
9,9
9,9
9,10
9,3
9,6
9,1
9,5
9,4
9,5
9,3
9,9
9,1
9,2
9,1
9,1
9,5
9,1
9,4
9,4
9,7
9,7
9,4
9,1
9,7
9,4
9,9
9,2
9,4
9,2
9,10
9,3
9,2
9,3
9,1
9,8
9,3
9,1
9,1
9,2
9,5
9,1
9,4
9,6
9,3
9,4
9,4
9,4
9,1
9,9
9,3
9,8
9,3
9,5
9,1
9,4
9,1
9,11
9,4
9,4
9,3
9,1
9,6
9,2
9,1
9,4
9,5
9,5
9,2
9,2
9,4
9,4
9,2
9,2
9,3
9,7
9,6
9,5
9,6
9,28
9,13
9,2
9,2
9,4
9,2
9,4
9,2
9,5
9,6
9,3
9,6
9,1
9,8
9,1
9,1
9,3
9,5
9,3
9,4
9,6
9,8
9,2
9,5
9,3
9,2
9,16
9,3
9,3
9,4
9,7
9,1
9,1
9,6
9,1
9,3
9,6
9,1
9,2
9,4
9,2
9,1
9,13
9,2
9,4
9,2
9,2
9,1
9,3
9,4
9,6
9,2
9,5
9,6
9,8
9,1
9,1
9,5
9,3
9,4
9,1
9,9
9,1
9,2
9,3
9,1
9,22
9,2
9,8
9,2
9,1
9,17
9,6
9,1
9,15
9,14
9,4
9,2
9,1
9,1
9,9
9,4
9,2
9,4
9,1
9,2
9,4
9,12
9,3
9,3
9,1
9,2
9,2
9,1
9,11
9,4
9,17
9,7
9,2
9,5
9,1
9,8
9,3
9,2
9,1
9,4
9,2
9,3
9,3
9,1
9,13
9,4
9,5
9,9
9,5
9,8
9,3
9,2
9,19
9,8
9,3
9,2
9,2
9,4
9,8
9,1
9,1
9,5
9,6
9,1
9,2
9,7
9,2
9,22
9,3
9,2
9,8
9,1
9,5
9,3
9,2
9,5
9,16
9,3
9,9
9,1
9,1
9,4
9,2
9,1
9,4
9,22
9,2
9,12
9,18
9,7
9,5
9,2
9,4
9,17
9,27
9,8
9,8
9,1
9,7
9,3
9,2
9,7
9,2
9,1
9,3
9,2
9,10
9,3
9,2
9,10
9,1
9,4
9,1
9,1
9,10
9,10
9,5
9,2
9,2
9,1
9,2
9,4
9,1
9,10
9,10
9,2
9,3
9,1
9,1
9,10
9,2
9,3
9,1
9,9
9,2
9,7
9,5
9,1
9,6
9,15
9,2
9,1
9,5
9,2
9,1
9,3
9,1
9,6
9,3
9,1
9,4
9,6
9,2
9,2
9,2
9,1
9,2
9,5
9,2
9,4
9,1
9,4
9,16
9,10
9,3
9,4
9,9
9,3
9,4
9,17
9,1
9,5
9,2
9,3
9,2
9,4
9,4
9,8
9,4
9,1
9,6
9,2
9,10
9,14
9,1
9,11
9,5
9,1
9,2
9,2
9,6
9,3
9,6
9,1
9,13
9,1
9,2
9,4
9,2
9,6
9,2
9,2
9,4
9,2
9,4
9,3
9,2
9,7
9,2
9,4
9,2
9,3
9,5
9,1
9,1
9,5
9,3
9,4
9,4
9,2
9,1
9,2
9,1
9,3
9,1
9,7
9,1
9,4
9,5
9,5
9,4
9,4
9,14
9,6
9,4
9,1
9,2
9,1
9,5
9,6
9,2
9,9
9,1
9,3
9,5
9,4
9,4
9,2
9,2
9,4
9,2
9,10
9,1
9,3
9,3
9,6
9,3
9,5
9,3
9,1
9,27
9,5
9,7
9,8
9,10
9,3
9,10
9,1
9,10
9,1
8,5
8,1
8,1
8,3
8,4
8,4
8,7
8,1
8,8
8,2
8,9
8,4
8,1
8,11
8,2
8,2
8,5
8,5
8,4
8,4
8,8
8,3
8,3
8,5
8,6
8,2
8,10
8,1
8,4
8,3
8,11
8,2
8,4
8,2
8,1
8,2
8,3
8,6
8,1
8,5
8,7
8,2
8,3
8,2
8,9
8,3
8,4
8,6
8,2
8,2
8,6
8,2
8,1
8,1
8,1
8,1
8,12
8,2
8,9
8,3
8,3
8,1
8,1
8,4
8,5
8,1
8,5
8,1
8,2
8,5
8,1
8,4
8,1
8,14
8,3
8,3
8,7
8,6
8,1
8,3
8,5
8,2
8,1
8,2
8,2
8,5
8,1
8,3
8,1
8,9
8,1
8,1
8,1
8,7
8,6
8,2
8,2
8,4
8,2
8,2
8,3
8,9
8,1
8,4
8,2
8,2
8,3
8,10
8,2
8,7
8,1
8,8
8,2
8,1
8,4
8,10
8,1
8,1
8,2
8,2
8,6
8,1
8,4
8,1
8,3
8,1
8,2
8,1
8,2
8,3
8,3
8,2
8,2
8,1
8,1
8,1
8,5
8,9
8,6
8,12
8,5
8,6
8,3
8,3
8,4
8,8
8,1
8,7
8,2
8,8
8,3
8,13
8,4
8,7
8,4
8,4
8,2
8,6
8,2
8,2
8,9
8,8
8,2
8,2
8,5
8,2
8,14
8,3
8,1
8,4
8,9
8,1
8,1
8,1
8,5
8,1
8,1
8,1
8,1
8,2
8,4
8,3
8,4
8,1
8,6
8,1
8,6
8,2
8,1
8,6
8,1
8,1
8,1
8,1
8,2
8,3
8,5
8,2
8,2
8,9
8,2
8,3
8,1
8,3
8,8
8,4
8,7
8,8
8,4
8,10
8,7
8,1
8,1
8,1
8,21
8,5
8,4
8,2
8,7
8,1
8,1
8,6
8,1
8,5
8,2
8,10
8,15
8,2
8,1
8,1
8,1
8,9
8,5
8,1
8,1
8,3
8,1
8,1
8,6
8,1
8,11
8,1
8,2
8,1
8,4
8,4
8,1
8,3
8,2
8,1
8,5
8,2
8,1
8,1
8,6
8,3
8,3
8,2
8,5
8,3
8,4
8,1
8,5
8,1
8,3
8,1
8,13
8,3
8,4
8,7
8,1
8,4
8,1
8,2
8,3
8,6
8,4
8,1
8,11
8,4
8,1
8,18
8,2
8,1
8,1
8,2
8,6
8,1
8,3
8,3
8,7
8,7
8,1
8,1
8,2
8,3
8,2
8,11
8,5
8,4
8,2
8,5
8,2
8,1
8,1
8,3
8,1
8,3
8,1
8,2
8,3
8,3
8,4
8,4
8,1
8,5
8,3
8,1
8,5
8,89
8,4
8,2
8,1
8,2
8,2
8,15
8,6
8,2
8,3
8,2
8,24
8,5
8,5
8,1
8,6
8,10
8,1
8,42
8,5
8,2
8,3
8,1
8,1
8,1
8,2
8,1
8,1
8,1
8,1
8,1
8,4
8,1
8,5
8,4
8,2
8,1
8,5
8,2
8,3
8,12
8,5
8,2
8,5
8,3
8,2
8,3
8,3
8,16
8,8
8,7
8,4
8,4
8,2
8,1
8,6
8,1
8,1
8,3
8,6
8,5
8,1
8,1
8,1
8,1
8,1
8,2
8,1
8,1
8,1
8,4
8,5
8,4
8,1
8,1
8,2
8,2
8,3
8,4
8,2
8,1
8,5
8,11
8,5
8,2
8,3
8,1
8,4
8,3
8,1
8,1
8,9
8,1
8,10
8,7
8,1
8,1
8,4
8,2
8,4
8,5
8,5
8,12
8,4
8,3
8,28
8,6
8,5
8,3
8,1
8,1
8,4
8,1
8,2
8,3
8,7
8,1
8,5
8,7
8,2
8,4
8,7
8,3
8,7
8,2
8,3
8,2
8,2
8,3
8,5
8,4
8,7
8,4
8,3
8,10
8,1
8,3
8,2
8,1
8,5
8,5
8,2
8,12
8,10
8,6
8,9
8,11
8,1
8,1
8,2
8,2
8,1
8,6
8,6
8,1
8,3
8,14
8,1
8,4
8,1
8,3
8,5
8,1
8,2
8,6
8,6
8,10
8,3
8,3
8,3
8,4
8,13
8,1
8,35
8,4
8,3
8,10
8,1
8,2
8,15
8,3
8,1
8,8
8,7
8,2
8,2
8,3
8,3
8,2
8,3
8,13
8,3
8,7
8,3
8,4
8,1
8,10
8,2
8,2
8,1
8,2
8,1
8,2
8,4
8,2
8,10
8,5
8,11
8,1
8,7
8,2
8,6
8,7
8,3
8,4
8,3
8,1
8,7
8,2
8,3
8,6
8,1
8,3
8,11
8,2
8,14
8,2
8,5
8,2
8,3
8,18
8,3
8,1
8,1
8,3
8,10
8,1
8,3
8,1
8,7
8,2
8,2
8,6
8,1
8,1
8,15
8,2
8,6
8,3
8,8
8,6
8,6
8,1
8,1
8,7
8,1
8,1
8,2
8,3
8,5
8,10
8,1
8,8
8,1
8,5
8,4
8,2
8,1
8,2
8,4
8,2
8,2
8,2
8,2
8,3
8,1
8,2
8,5
8,1
8,2
8,1
8,14
8,4
8,3
8,8
8,3
8,2
8,2
8,1
8,10
8,8
8,1
8,2
8,11
8,4
8,4
8,3
8,3
8,3
8,3
8,2
8,6
8,3
8,8
8,1
8,2
8,2
8,4
8,12
8,5
8,35
8,2
8,1
8,4
8,2
8,4
8,2
8,1
8,4
8,4
8,2
8,2
8,4
8,2
8,5
8,1
8,1
8,3
8,7
8,1
8,2
8,3
8,5
8,5
8,4
8,5
8,1
8,11
8,1
8,2
8,4
8,2
8,1
8,21
8,5
8,14
8,5
8,14
8,4
8,3
8,10
8,1
8,11
8,7
8,3
8,6
8,4
8,5
8,6
8,15
8,3
8,7
8,1
8,7
8,9
8,1
8,1
8,4
8,4
8,1
8,6
8,1
8,1
8,1
8,4
8,3
8,4
8,1
8,1
8,4
8,3
8,6
8,4
7,1
7,6
7,4
7,2
7,10
7,75
7,11
7,1
7,5
7,1
7,3
7,4
7,2
7,5
7,1
7,3
7,8
7,6
7,1
7,1
7,13
7,1
7,11
7,5
7,4
7,7
7,3
7,2
7,5
7,3
7,3
7,3
7,7
7,1
7,5
7,1
7,2
7,1
7,1
7,4
7,2
7,5
7,1
7,2
7,1
7,1
7,1
7,1
7,2
7,8
7,3
7,1
7,4
7,3
7,3
7,1
7,2
7,2
7,2
7,5
7,4
7,4
7,4
7,4
7,13
7,3
7,1
7,2
7,1
7,3
7,2
7,2
7,7
7,2
7,1
7,1
7,1
7,3
7,1
7,2
7,2
7,3
7,3
7,12
7,7
7,3
7,13
7,2
7,3
7,3
7,1
7,2
7,13
7,1
7,1
7,4
7,7
7,3
7,1
7,2
7,1
7,1
7,5
7,7
7,2
7,1
7,8
7,3
7,1
7,4
7,4
7,2
7,1
7,5
7,4
7,6
7,1
7,6
7,5
7,3
7,3
7,1
7,1
7,2
7,1
7,4
7,20
7,4
7,2
7,2
7,8
7,3
7,2
7,5
7,4
7,9
7,1
7,10
7,1
7,2
7,14
7,3
7,2
7,2
7,1
7,3
7,4
7,2
7,6
7,2
7,1
7,3
7,10
7,4
7,2
7,2
7,3
7,1
7,5
7,1
7,2
7,1
7,3
7,4
7,1
7,1
7,4
7,2
7,2
7,3
7,7
7,6
7,2
7,8
7,4
7,1
7,5
7,2
7,2
7,2
7,2
7,3
7,2
7,3
7,4
7,1
7,3
7,1
7,1
7,3
7,2
7,6
7,5
7,8
7,3
7,3
7,2
7,5
7,2
7,4
7,6
7,6
7,4
7,2
7,9
7,1
7,4
7,9
7,3
7,4
7,12
7,4
7,4
7,2
7,1
7,5
7,1
7,1
7,4
7,3
7,2
7,4
7,2
7,3
7,3
7,1
7,1
7,5
7,1
7,1
7,9
7,7
7,1
7,2
7,1
7,6
7,3
7,1
7,4
7,1
7,3
7,1
7,2
7,3
7,2
7,1
7,8
7,1
7,1
7,3
7,3
7,3
7,2
7,1
7,8
7,5
7,1
7,5
7,6
7,8
7,6
7,3
7,2
7,3
7,8
7,16
7,6
7,3
7,2
7,1
7,2
7,1
7,8
7,5
7,12
7,5
7,1
7,1
7,5
7,3
7,2
7,5
7,3
7,7
7,3
7,1
7,2
7,2
7,2
7,2
7,1
7,3
7,8
7,1
7,3
7,1
7,10
7,1
7,1
7,15
7,5
7,3
7,3
7,3
7,5
7,4
7,2
7,4
7,1
7,3
7,4
7,2
7,3
7,4
7,1
7,7
7,5
7,3
7,2
7,1
7,1
7,3
7,1
7,6
7,3
7,2
7,1
7,5
7,3
7,8
7,5
7,1
7,1
7,7
7,10
7,5
7,4
7,1
7,1
7,6
7,10
7,7
7,5
7,6
7,5
7,2
7,3
7,1
7,16
7,2
7,3
7,7
7,6
7,5
7,4
7,1
7,2
7,1
7,2
7,3
7,17
7,2
7,5
7,3
7,3
7,9
7,2
7,3
7,1
7,1
7,1
7,3
7,2
7,5
7,3
7,6
7,8
7,2
7,1
7,1
7,14
7,2
7,10
7,6
7,1
7,16
7,6
7,10
7,4
7,1
7,2
7,3
7,6
7,1
7,4
7,2
7,3
7,7
7,2
7,2
7,1
7,1
7,5
7,19
7,5
7,5
7,1
7,5
7,6
7,2
7,2
7,3
7,6
7,4
7,9
7,3
7,2
7,7
7,2
7,15
7,2
7,1
7,1
7,1
7,1
7,3
7,1
7,2
7,1
7,2
7,32
7,2
7,3
7,4
7,1
7,1
7,9
7,2
7,4
7,3
7,6
7,3
7,1
7,1
7,1
7,3
7,1
7,1
7,2
7,32
7,2
7,2
7,5
7,1
7,3
7,2
7,4
7,1
7,47
7,1
7,2
7,1
7,1
7,14
7,52
7,1
7,9
7,2
7,2
7,9
7,10
7,7
7,4
7,3
7,7
7,1
7,5
7,4
7,4
7,1
7,4
7,4
7,1
7,7
7,2
7,5
7,6
7,10
7,7
7,6
7,5
7,2
7,1
7,16
7,2
7,3
7,3
7,7
7,6
7,5
7,4
7,1
7,2
7,1
7,3
7,1
7,1
7,1
7,4
7,3
7,12
7,6
7,2
7,1
7,1
7,5
7,1
7,1
7,4
7,3
7,8
7,12
7,6
7,4
7,3
7,1
7,2
7,2
7,10
7,3
7,2
7,9
7,8
7,1
7,2
7,1
7,4
7,1
7,3
7,1
7,1
7,3
7,9
7,1
7,2
7,3
7,3
7,2
7,2
7,5
7,3
7,7
7,1
7,4
7,2
7,1
7,3
7,1
7,2
7,8
7,4
7,3
7,3
7,1
7,3
7,5
7,4
7,7
7,6
7,4
7,15
7,1
7,1
7,6
7,1
7,7
7,2
7,1
7,3
7,1
7,12
7,2
7,6
7,1
7,1
7,1
7,4
7,5
7,1
7,3
7,8
7,12
7,9
7,4
7,1
7,5
7,3
7,11
7,6
7,6
7,4
7,4
7,14
7,3
7,1
7,2
7,33
7,1
7,41
7,8
7,1
7,1
7,4
7,7
7,8
7,3
7,2
7,1
7,4
7,1
7,4
7,1
7,1
7,3
7,5
7,1
7,7
7,1
7,4
7,2
7,4
7,2
7,2
7,2
7,1
7,2
7,6
7,4
7,1
7,8
7,2
7,2
7,2
7,4
7,1
7,8
7,2
7,3
7,1
7,1
7,12
7,2
7,3
7,4
7,4
7,7
7,3
7,1
7,7
7,1
7,1
7,2
7,6
7,2
7,5
7,1
7,1
7,4
7,3
7,2
7,1
7,8
7,4
7,1
7,2
7,1
7,3
7,1
7,2
7,1
7,1
7,2
7,2
7,9
7,3
7,2
7,4
7,12
7,1
7,2
7,7
7,1
7,2
7,3
7,1
7,1
7,4
7,8
7,2
7,1
7,25
7,8
7,2
7,4
7,8
7,1
7,4
7,5
7,1
7,6
7,1
7,4
7,2
7,1
7,3
7,5
7,1
7,3
7,1
7,3
7,3
7,3
7,2
7,16
7,5
7,1
7,9
7,7
7,1
7,4
7,1
7,2
7,2
7,5
7,3
7,8
7,2
7,8
7,1
7,3
7,2
7,7
7,2
7,1
7,4
7,3
7,6
7,2
7,8
7,1
7,9
7,3
7,16
7,3
7,16
7,1
7,1
7,2
7,3
7,1
7,9
7,2
7,10
7,3
7,7
7,1
7,3
7,1
7,3
7,3
7,3
7,2
7,16
7,5
7,1
7,9
7,7
7,1
7,4
7,1
7,2
7,2
7,5
7,3
7,8
7,2
7,8
7,1
7,3
7,2
7,7
7,2
7,1
7,4
7,3
7,6
7,2
7,8
7,1
7,9
7,3
7,16
7,2
7,1
7,1
7,2
7,1
7,3
7,8
7,1
7,9
7,2
7,8
7,1
7,1
7,7
7,10
7,3
7,6
6,8
6,2
6,3
6,5
6,4
6,2
6,3
6,2
6,3
6,9
6,2
6,2
6,3
6,3
6,1
6,9
6,4
6,1
6,1
6,1
6,5
6,6
6,7
6,3
6,2
6,2
6,4
6,2
6,2
6,3
6,4
6,1
6,1
6,1
6,2
6,4
6,2
6,1
6,3
6,1
6,2
6,4
6,3
6,3
6,4
6,4
6,3
6,2
6,7
6,5
6,11
6,5
6,3
6,15
6,1
6,2
6,8
6,1
6,4
6,2
6,4
6,1
6,1
6,3
6,7
6,6
6,4
6,1
6,3
6,4
6,5
6,1
6,1
6,2
6,1
6,4
6,2
6,1
6,1
6,2
6,1
6,5
6,2
6,1
6,1
6,4
6,4
6,3
6,1
6,2
6,1
6,1
6,5
6,24
6,1
6,2
6,2
6,10
6,1
6,1
6,2
6,1
6,1
6,2
6,1
6,1
6,1
6,4
6,1
6,2
6,1
6,1
6,6
6,9
6,2
6,1
6,2
6,2
6,4
6,2
6,1
6,3
6,1
6,5
6,3
6,12
6,1
6,8
6,1
6,4
6,4
6,3
6,3
6,2
6,4
6,1
6,1
6,1
6,4
6,2
6,3
6,4
6,3
6,3
6,4
6,7
6,2
6,4
6,7
6,1
6,4
6,3
6,1
6,1
6,1
6,10
6,3
6,3
6,2
6,1
6,3
6,1
6,6
6,2
6,1
6,3
6,5
6,2
6,3
6,1
6,2
6,1
6,1
6,3
6,8
6,10
6,2
6,3
6,1
6,3
6,6
6,1
6,4
6,1
6,3
6,1
6,9
6,4
6,2
6,1
6,1
6,1
6,10
6,2
6,1
6,1
6,3
6,1
6,5
6,1
6,1
6,5
6,1
6,4
6,1
6,1
6,5
6,2
6,1
6,11
6,2
6,1
6,1
6,1
6,4
6,1
6,3
6,1
6,1
6,1
6,3
6,3
6,5
6,5
6,4
6,1
6,3
6,6
6,3
6,8
6,1
6,5
6,1
6,5
6,4
6,9
6,1
6,3
6,2
6,1
6,1
6,14
6,4
6,3
6,1
6,1
6,4
6,3
6,1
6,7
6,10
6,3
6,3
6,2
6,1
6,2
6,1
6,4
6,1
6,5
6,2
6,1
6,54
6,3
6,2
6,4
6,3
6,1
6,2
6,5
6,2
6,4
6,2
6,4
6,1
6,3
6,1
6,13
6,3
6,5
6,1
6,1
6,4
6,4
6,7
6,1
6,1
6,1
6,1
6,1
6,8
6,1
6,1
6,2
6,3
6,3
6,1
6,9
6,8
6,4
6,2
6,2
6,2
6,1
6,11
6,11
6,3
6,7
6,3
6,1
6,5
6,6
6,2
6,26
6,2
6,1
6,4
6,6
6,1
6,2
6,2
6,8
6,1
6,2
6,2
6,1
6,13
6,1
6,3
6,1
6,4
6,1
6,1
6,1
6,1
6,2
6,2
6,3
6,2
6,1
6,11
6,5
6,1
6,1
6,1
6,1
6,1
6,2
6,4
6,2
6,1
6,2
6,4
6,2
6,1
6,1
6,2
6,12
6,4
6,1
6,1
6,1
6,3
6,7
6,6
6,1
6,1
6,3
6,3
6,5
6,14
6,5
6,1
6,1
6,1
6,1
6,5
6,4
6,4
6,5
6,7
6,1
6,8
6,5
6,2
6,3
6,10
6,3
6,4
6,8
6,3
6,2
6,5
6,5
6,1
6,1
6,2
6,3
6,3
6,1
6,3
6,6
6,8
6,1
6,1
6,4
6,4
6,1
6,4
6,3
6,8
6,3
6,1
6,3
6,8
6,2
6,1
6,2
6,2
6,1
6,3
6,3
6,4
6,2
6,14
6,14
6,9
6,7
6,5
6,4
6,4
6,1
6,5
6,1
6,1
6,1
6,3
6,1
6,9
6,2
6,2
6,3
6,16
6,4
6,3
6,1
6,1
6,6
6,5
6,1
6,4
6,2
6,1
6,3
6,1
6,1
6,1
6,1
6,2
6,1
6,4
6,1
6,5
6,1
6,1
6,1
6,2
6,2
6,1
6,7
6,5
6,4
6,1
6,2
6,2
6,1
6,1
6,2
6,1
6,2
6,8
6,7
6,1
6,1
6,1
6,1
6,3
6,2
6,1
6,1
6,1
6,1
6,1
6,1
6,4
6,1
6,4
6,1
6,2
6,3
6,1
6,1
6,1
6,1
6,3
6,1
6,1
6,2
6,1
6,1
6,4
6,1
6,2
6,1
6,3
6,1
6,1
6,4
6,1
6,1
6,1
6,1
6,2
6,2
6,5
6,7
6,1
6,5
6,4
6,2
6,1
6,2
6,1
6,1
6,1
6,1
6,4
6,7
6,9
6,2
6,3
6,1
6,6
6,2
6,4
6,1
6,1
6,2
6,6
6,2
6,2
6,3
6,1
6,3
6,3
6,1
6,1
6,1
6,3
6,2
6,4
6,3
6,2
6,1
6,2
6,1
6,3
6,1
6,10
6,1
6,2
6,34
6,1
6,2
6,2
6,1
6,3
6,4
6,2
6,8
6,1
6,12
6,3
6,8
6,1
6,1
6,1
6,4
6,5
6,3
6,4
6,1
6,3
6,2
6,9
6,4
6,2
6,4
6,2
6,1
6,18
6,1
6,2
6,7
6,2
6,5
6,2
6,4
6,1
6,7
6,11
6,3
6,1
6,12
6,3
6,3
6,1
6,1
6,1
6,1
6,2
6,8
6,1
6,4
6,4
6,3
6,1
6,2
6,7
6,3
6,3
6,5
6,1
6,2
6,4
6,1
6,2
6,3
6,11
6,5
6,2
6,1
6,3
6,6
6,5
6,1
6,2
6,5
6,6
6,6
6,2
6,5
6,1
6,1
6,1
6,5
6,15
6,1
6,2
6,4
6,5
6,2
6,3
6,5
6,1
6,7
6,1
6,4
6,2
6,3
6,3
6,1
6,3
6,1
6,1
6,4
6,3
6,2
6,5
6,2
6,1
6,4
6,6
6,1
6,2
6,11
6,4
6,1
6,5
6,2
6,3
6,4
6,3
6,3
6,4
6,6
6,2
6,4
6,4
6,2
6,4
6,6
6,1
6,3
6,2
6,2
6,3
6,3
6,1
6,9
6,4
6,1
6,1
6,1
6,5
6,6
6,7
6,3
6,2
6,2
6,4
6,2
6,2
6,3
6,4
6,1
6,1
6,1
6,2
6,4
6,2
6,1
6,3
6,1
6,2
6,3
6,4
6,3
6,4
6,4
6,3
6,2
6,7
6,5
6,11
6,5
6,3
6,1
6,15
6,2
6,8
6,1
6,4
6,2
6,4
6,1
6,1
6,3
6,7
6,6
6,4
6,1
6,3
6,4
6,5
6,1
6,1
6,2
6,1
6,4
6,2
6,1
6,1
6,2
6,1
6,5
6,2
6,1
6,1
6,4
6,4
6,3
6,1
6,1
6,1
6,5
6,24
6,1
6,2
6,2
6,10
6,1
6,1
6,2
6,1
6,1
6,2
6,1
6,1
6,2
6,1
6,1
6,1
6,1
6,4
6,6
6,9
6,2
6,1
6,3
6,2
6,4
6,2
6,2
6,1
6,5
6,1
6,3
6,12
6,1
6,8
6,1
6,4
6,4
6,2
6,3
6,4
6,3
6,1
6,1
6,1
6,4
6,2
6,3
6,3
6,4
6,3
6,4
6,7
6,4
6,7
6,2
6,1
6,3
6,4
6,1
6,1
6,10
6,1
6,3
6,3
6,1
6,2
6,3
6,6
6,1
6,2
6,1
6,3
6,5
6,2
6,3
6,1
6,2
6,1
6,1
6,3
6,8
6,10
6,2
6,3
6,1
6,3
6,6
6,1
6,4
6,1
6,3
6,1
6,9
6,4
6,2
6,1
6,1
6,1
6,10
6,2
6,1
6,1
6,3
6,1
6,5
6,1
6,1
6,5
6,1
6,4
6,1
6,1
6,5
6,2
6,1
6,11
6,2
6,1
6,1
6,1
6,4
6,1
6,3
6,1
6,1
6,1
6,3
6,3
6,5
6,5
6,4
6,1
6,6
6,3
6,3
6,8
6,5
6,1
6,1
6,5
6,4
6,1
6,9
6,3
6,2
6,1
6,1
6,14
6,4
6,3
6,1
6,1
6,4
6,3
6,1
6,7
6,10
6,3
6,3
6,2
6,1
6,2
6,1
6,1
6,5
6,4
6,2
6,1
6,2
6,54
6,1
6,3
6,3
6,4
6,2
6,5
6,2
6,4
6,4
6,2
6,1
6,3
6,1
6,13
6,3
6,5
6,1
6,1
6,4
6,4
6,7
6,8
6,1
6,1
6,1
6,1
6,8
6,1
6,1
6,2
6,3
6,3
6,1
6,9
6,8
6,4
6,2
6,2
6,2
6,1
6,11
6,11
6,3
6,7
6,3
6,1
6,5
6,6
6,2
6,26
6,2
6,1
6,4
6,6
6,1
6,2
6,2
6,8
6,1
6,2
6,2
6,1
6,13
6,1
6,3
6,1
6,4
6,1
6,1
6,1
6,1
6,2
6,2
6,3
6,2
6,1
6,11
6,5
6,1
6,1
6,1
6,1
6,1
6,2
6,4
6,2
6,1
6,2
6,4
6,1
6,2
6,1
6,2
6,12
6,4
6,1
6,1
6,1
6,3
6,7
6,6
6,1
6,1
6,3
6,3
6,5
6,14
6,5
6,1
6,1
6,1
6,1
6,5
6,4
6,4
6,5
6,7
6,1
6,8
6,5
6,2
6,3
6,10
6,3
6,8
6,4
6,3
6,2
6,5
6,5
6,1
6,1
6,2
6,3
6,3
6,1
6,3
6,6
6,8
6,1
6,1
6,4
6,4
6,1
6,4
6,3
6,8
6,3
6,1
6,3
6,8
6,2
6,1
6,2
6,2
6,1
6,3
6,3
6,4
6,2
6,14
6,14
6,9
6,7
6,5
6,4
6,4
6,1
6,5
6,1
6,1
6,1
6,3
6,1
6,9
6,2
6,2
6,3
6,16
6,4
6,3
6,1
6,1
6,6
6,5
6,1
6,4
6,2
6,1
6,3
6,1
6,1
6,1
6,1
6,2
6,1
6,4
6,1
6,5
6,1
6,1
6,1
6,2
6,2
6,1
6,7
6,5
6,4
6,1
6,2
6,2
6,1
6,1
6,2
6,1
6,2
6,8
6,7
6,1
6,1
6,1
6,1
6,3
6,2
6,1
6,1
6,1
6,1
6,1
6,1
6,4
6,1
6,4
6,4
6,4
6,14
6,2
6,6
6,8
6,4
6,3
6,2
6,4
6,8
6,3
6,3
6,5
6,3
6,2
6,1
6,2
6,1
6,3
6,4
6,2
6,6
6,1
6,2
6,3
6,1
6,1
6,1
6,1
6,3
6,1
6,1
6,1
6,6
6,2
6,9
6,7
6,3
6,2
6,4
6,4
6,1
6,1
6,2
6,2
6,6
6,2
6,3
6,1
6,3
6,6
6,1
6,1
6,4
6,1
6,8
6,4
6,8
6,3
6,3
6,4
6,1
6,4
6,4
6,3
6,1
6,1
6,2
6,8
6,4
6,3
6,4
6,5
6,1
6,8
6,3
6,12
6,1
6,1
6,1
6,3
6,4
6,3
6,1
6,2
6,9
6,4
6,2
6,4
6,2
6,1
6,18
6,2
6,1
6,7
6,3
6,1
6,3
6,6
6,1
6,1
6,4
6,1
6,8
6,4
6,8
6,3
6,3
6,4
6,1
6,8
6,3
6,2
6,1
6,2
6,1
6,3
6,3
6,4
6,2
6,2
6,1
6,2
6,1
6,2
6,11
6,4
6,5
6,3
6,3
6,4
6,4
6,6
6,2
6,3
6,4
6,4
6,2
6,1
6,4
6,6
6,3
6,4
6,3
6,1
6,1
6,2
6,2
6,3
6,5
6,1
6,7
6,3
6,1
6,3
6,4
6,2
6,1
6,3
6,1
6,1
6,4
6,3
6,4
6,5
6,6
6,1
6,1
6,2
6,2
6,2
6,6
6,7
6,1
6,2
6,2
6,1
6,1
6,8
6,1
6,2
6,5
6,3
6,11
6,1
6,3
6,8
6,2
6,5
6,6
6,2
6,6
6,1
6,5
6,6
6,1
6,1
6,2
6,1
6,5
6,1
6,5
6,2
6,7
6,1
6,1
5,1
5,3
5,13
5,9
5,6
5,1
5,3
5,5
5,2
5,4
5,1
5,3
5,3
5,13
5,9
5,6
5,1
5,3
5,5
5,2
5,4
5,3
5,1
5,4
5,1
5,1
5,1
5,1
5,4
5,1
5,3
5,5
5,2
5,1
5,1
5,6
5,6
5,1
5,4
5,5
5,7
5,1
5,2
5,5
5,5
5,1
5,2
5,4
5,3
5,1
5,1
5,2
5,1
5,1
5,1
5,4
5,2
5,2
5,3
5,2
5,1
4,5
4,1
4,5
4,2
4,1
4,2
4,3
4,1
4,1
4,1
4,1
4,1
4,2
4,1
4,1
4,1
4,3
4,7
4,1
4,3
4,1
4,1
4,1
4,2
4,3
4,1
4,5
4,13
4,2
4,4
4,1
4,2
4,1
4,4
4,3
4,4
4,1
4,2
4,1
4,1
4,3
4,5
4,2
4,2
4,8
4,1
4,2
4,2
4,1
4,1
4,8
4,3
4,1
4,3
4,4
4,1
4,1
4,1
4,1
4,1
4,1
4,8
4,2
4,1
4,2
4,1
4,6
4,2
4,2
4,1
4,2
4,1
4,4
4,1
4,4
4,5
4,5
4,1
4,3
4,3
4,1
4,4
4,1
4,1
4,2
4,1
4,2
4,1
4,8
4,2
4,1
4,1
4,2
4,4
4,5
4,3
4,2
4,3
4,5
4,1
4,4
4,1
4,5
4,3
4,1
4,112
4,2
4,3
4,1
4,3
4,2
4,1
4,2
4,2
4,1
4,3
4,1
4,2
4,1
4,3
4,2
4,4
4,1
4,3
4,1
4,1
4,8
4,4
4,1
4,2
4,2
4,1
4,2
4,1
4,1
4,1
4,1
4,2
4,3
4,4
4,1
4,1
4,1
4,1
4,7
4,6
4,4
4,2
4,2
4,2
4,2
4,1
4,1
4,2
4,2
4,2
4,3
4,3
4,1
4,3
4,1
4,9
4,1
4,1
4,1
4,2
4,1
4,3
4,1
4,3
4,2
4,3
4,1
4,1
4,9
4,2
4,15
4,2
4,1
4,1
4,6
4,1
4,1
4,1
4,4
4,1
4,3
4,1
4,1
4,2
4,1
4,2
4,3
4,1
4,2
4,1
4,2
4,2
4,2
4,2
4,2
4,4
4,1
4,1
4,7
4,2
4,2
4,1
4,6
4,3
4,2
4,2
4,2
4,2
4,1
4,1
4,4
4,2
4,1
4,2
4,2
4,1
4,1
4,3
4,1
4,2
4,2
4,1
4,1
4,2
4,1
4,1
4,2
4,3
4,3
4,2
4,2
4,1
4,9
4,1
4,1
4,2
4,1
4,1
4,1
4,19
4,8
4,8
4,2
4,4
4,11
4,1
4,3
4,2
4,1
4,3
4,1
4,2
4,2
4,1
4,3
4,5
4,3
4,2
4,1
4,2
4,1
4,1
4,2
4,1
4,3
4,2
4,1
4,5
4,1
4,1
4,2
4,7
4,1
4,4
4,1
4,4
4,1
4,5
4,2
4,4
4,2
4,2
4,12
4,5
4,4
4,1
4,1
4,2
4,1
4,4
4,5
4,2
4,1
4,1
4,7
4,1
4,4
4,3
4,2
4,5
4,12
4,1
4,4
4,7
4,1
4,7
4,2
4,3
4,1
4,1
4,2
4,1
4,8
4,1
4,1
4,2
4,1
4,5
4,2
4,1
4,3
4,1
4,2
4,4
4,2
4,3
4,1
4,2
4,5
4,1
4,2
4,2
4,2
4,2
4,6
4,1
4,1
4,4
4,3
4,2
4,3
4,2
4,1
4,3
4,2
4,1
4,5
4,1
4,1
4,2
4,2
4,2
4,1
4,2
4,2
4,2
4,1
4,3
4,2
4,4
4,3
4,1
4,1
4,3
4,1
4,2
4,1
4,1
4,11
4,2
4,1
4,2
4,11
4,2
4,3
4,9
4,1
4,1
4,5
4,3
4,3
4,1
4,7
4,1
4,3
4,1
4,1
4,13
4,1
4,1
4,4
4,4
4,2
4,1
4,1
4,2
4,1
4,3
4,6
4,5
4,1
4,1
4,4
4,2
4,1
4,1
4,3
4,1
4,2
4,2
4,1
4,3
4,1
4,2
4,4
4,1
4,3
4,1
4,3
4,1
4,1
4,1
4,10
4,3
4,2
4,5
4,1
4,1
4,1
4,3
4,1
4,1
4,1
4,7
4,1
4,1
4,3
4,4
4,5
4,1
4,2
4,1
4,1
4,1
4,1
4,2
4,2
4,2
4,1
4,3
4,1
4,2
4,3
4,6
4,2
4,2
4,3
4,2
4,2
4,3
4,3
4,4
4,2
4,1
4,5
4,2
4,7
4,1
4,1
4,1
4,3
4,1
4,1
4,4
4,1
4,2
4,2
4,1
4,11
4,1
4,1
4,1
4,1
4,2
4,2
4,1
4,1
4,6
4,2
4,8
4,13
4,1
4,5
4,1
4,4
4,5
4,1
4,1
4,1
4,3
4,4
4,2
4,4
4,2
4,1
4,1
4,4
4,1
4,1
4,9
4,2
4,1
4,2
4,6
4,1
4,1
4,3
4,1
4,1
4,1
4,2
4,1
4,4
4,20
4,1
4,2
4,4
4,1
4,1
4,3
4,1
4,4
4,1
4,1
4,2
4,2
4,2
4,2
4,2
4,3
4,3
4,6
4,1
4,1
4,2
4,3
4,1
4,1
4,1
4,12
4,3
4,1
4,1
4,2
4,4
4,3
4,1
4,2
4,1
4,2
4,1
4,5
4,2
4,2
4,7
4,2
4,2
4,5
4,2
4,7
4,4
4,1
4,1
4,5
4,3
4,1
4,3
4,3
4,1
4,4
4,4
4,1
4,2
4,2
4,1
4,3
4,2
4,1
4,1
4,3
4,1
4,2
4,3
4,3
3,2
3,1
3,2
3,2
3,1
3,2
3,2
3,1
3,1
3,2
3,1
3,1
3,1
3,1
3,2
3,1
3,1
3,2
3,1
3,1
3,1
3,2
3,2
3,1
3,2
3,2
3,6
3,1
3,1
3,1
3,5
3,2
3,4
3,1
3,11
3,3
3,3
3,3
3,2
3,1
3,1
3,2
3,5
3,1
3,3
3,12
3,3
3,4
3,2
3,1
3,1
3,1
3,9
3,1
3,1
3,1
3,2
3,2
3,2
3,2
3,2
3,1
3,1
3,1
3,1
3,1
3,1
3,2
3,4
3,1
3,5
3,1
3,2
3,1
3,1
3,1
3,1
3,4
3,2
3,1
3,2
3,2
3,1
3,2
3,5
3,2
3,1
3,5
3,4
3,1
3,2
3,3
3,2
3,1
3,2
3,1
3,3
3,2
3,3
3,2
3,2
3,2
3,4
3,1
3,2
3,1
3,1
3,4
3,1
3,1
3,1
3,1
3,11
3,3
3,1
3,5
3,1
3,2
3,1
3,3
3,1
3,1
3,2
3,1
3,1
3,1
3,2
3,1
3,1
3,2
3,1
3,1
3,1
3,1
3,1
3,3
3,1
3,1
3,1
3,1
3,1
3,1
3,1
3,4
3,2
3,1
3,1
3,4
3,3
3,2
3,1
3,1
3,1
3,1
3,2
3,8
3,4
3,1
3,4
3,3
3,2
3,4
3,2
3,2
3,1
3,2
3,1
3,1
3,1
3,2
3,1
3,5
3,5
3,1
3,4
3,1
3,3
3,2
3,2
3,2
3,5
3,1
3,4
3,1
3,1
3,2
3,1
3,1
3,1
3,1
3,1
3,1
3,1
3,1
3,3
3,1
3,2
3,4
3,1
3,1
3,1
3,1
3,1
3,2
3,1
3,1
3,3
3,2
3,2
3,1
3,2
3,1
3,3
3,1
3,1
3,1
3,1
3,1
3,5
3,3
3,6
3,2
3,2
3,1
3,2
3,1
3,2
3,2
3,5
3,2
3,1
3,5
3,1
3,1
3,1
3,5
3,1
3,1
3,8
3,1
3,1
3,3
3,5
3,1
3,4
3,1
3,3
3,2
3,6
3,6
3,3
3,2
3,1
3,1
3,1
3,1
3,3
3,2
3,1
3,1
3,4
3,2
3,3
3,1
3,3
3,2
3,1
3,2
3,3
3,2
3,1
3,1
3,1
3,1
3,1
3,5
3,2
3,1
3,3
3,1
3,2
3,1
3,3
3,1
3,2
3,7
3,1
3,3
3,1
3,1
3,1
3,2
3,1
3,1
3,1
3,2
3,1
3,1
3,3
3,1
3,1
3,2
3,1
3,2
3,6
3,1
3,2
3,2
3,3
3,1
3,2
3,4
3,2
3,1
3,1
3,1
3,1
3,3
3,1
3,4
3,1
3,3
3,1
3,1
3,1
3,1
3,1
3,5
3,1
3,1
3,1
3,3
3,1
3,1
3,2
3,3
3,2
3,2
3,2
3,2
3,7
3,6
3,1
3,2
3,3
3,2
3,2
3,2
3,1
3,1
3,3
3,2
3,9
3,3
3,1
3,1
3,1
3,2
3,12
3,1
3,3
3,1
3,1
3,1
3,1
3,1
3,1
3,6
3,1
3,2
3,1
3,2
3,1
3,3
3,2
3,2
3,3
3,1
3,1
3,9
3,1
3,1
3,1
3,3
3,2
3,2
3,1
3,1
3,4
3,1
3,2
3,1
3,1
3,1
3,2
3,1
3,2
3,1
3,3
3,4
3,1
3,3
3,2
3,2
3,1
3,2
3,1
3,4
3,1
3,6
3,1
3,7
3,1
3,1
3,2
3,1
3,1
3,2
3,2
3,3
3,1
3,2
3,3
3,2
3,1
3,2
3,2
3,1
3,1
3,2
3,2
3,2
3,3
3,2
3,1
3,1
3,1
3,2
3,1
3,1
3,2
3,2
3,1
3,2
3,1
3,1
3,4
3,2
3,3
3,1
3,1
3,1
3,2
3,1
3,1
3,1
3,1
3,7
3,2
3,1
3,1
3,1
3,1
3,4
3,1
3,2
3,1
3,1
3,1
3,1
3,1
3,2
3,1
3,2
3,1
3,1
3,1
3,1
3,1
3,2
3,1
3,1
3,1
3,1
3,3
3,1
3,3
3,2
3,1
3,1
3,2
3,5
3,3
3,1
3,3
3,1
3,1
3,3
3,1
3,7
3,1
3,1
3,2
3,2
3,2
3,2
3,1
3,1
3,1
3,2
3,1
3,1
3,2
3,5
3,2
3,3
3,2
3,1
3,1
3,2
3,3
3,2
3,2
3,1
3,5
3,2
3,3
3,4
3,1
3,1
3,2
3,1
3,2
3,6
3,49
3,2
3,3
3,1
3,2
2,1
2,3
2,1
2,1
2,1
2,1
2,1
2,3
2,5
2,1
2,1
2,1
2,1
2,3
2,6
2,2
2,3
2,2
2,4
2,2
2,1
2,3
2,1
2,2
2,2
2,1
2,1
2,1
2,2
2,1
2,3
2,2
2,1
2,1
2,1
2,2
2,1
2,1
2,2
2,1
2,1
2,1
2,1
2,1
2,2
2,2
2,3
2,2
2,1
2,2
2,2
2,1
2,2
2,1
2,1
2,1
2,2
2,1
2,4
2,1
2,1
2,2
2,1
2,1
2,1
2,1
2,1
2,2
2,1
2,1
2,2
2,1
2,1
2,1
2,2
2,1
2,1
2,1
2,1
2,2
2,4
2,1
2,1
2,1
2,1
2,1
2,1
2,1
2,1
2,4
2,1
2,1
2,1
2,1
2,2
2,1
2,1
2,1
2,1
2,1
2,2
2,4
2,1
2,1
2,1
2,2
2,1
2,1
2,1
2,1
2,1
2,5
2,2
2,2
2,2
2,3
2,2
2,1
2,3
2,1
2,1
2,1
2,1
2,3
2,2
2,2
2,17
2,7
2,1
2,1
2,5
2,2
2,1
2,2
2,1
2,1
2,2
2,4
2,3
2,1
2,1
2,1
2,2
2,2
2,1
2,1
2,1
2,1
2,1
2,1
2,1
2,1
2,1
2,1
2,1
2,1
2,1
2,1
2,1
2,1
2,1
2,1
2,4
2,1
2,2
2,1
2,1
2,2
2,4
2,1
2,1
2,1
2,1
2,3
2,2
2,1
2,2
2,1
2,4
2,1
2,1
2,1
2,2
2,3
2,1
2,1
2,1
2,3
2,1
2,1
2,1
2,2
2,1
2,2
2,1
2,1
2,1
2,1
2,1
2,1
2,3
2,3
2,2
2,2
2,2
2,3
2,2
2,1
2,2
2,1
2,2
2,1
2,1
2,1
2,1
2,1
2,1
2,3
2,1
2,2
2,1
2,2
2,2
2,1
2,1
2,1
2,2
2,1
2,2
2,1
2,2
2,1
2,1
2,2
2,1
2,2
2,2
2,2
2,1
2,2
2,2
2,2
2,2
2,1
2,1
2,2
2,2
2,1
2,2
2,3
2,1
2,1
2,16
2,2
2,1
2,1
2,7
2,2
2,2
2,2
2,2
2,6
2,1
2,1
2,2
2,1
2,2
2,1
2,1
2,1
2,1
2,1
2,4
2,1
2,1
2,2
2,1
2,1
2,3
2,1
2,1
2,1
2,1
2,7
2,1
2,4
2,4
2,2
2,1
2,1
2,1
2,3
2,3
2,4
2,1
2,3
2,2
2,2
2,4
2,1
2,2
2,1
2,1
2,1
2,2
2,4
2,3
2,1
2,1
2,1
2,1
2,1
2,1
2,5
2,1
2,2
2,1
2,1
2,1
2,1
2,1
2,1
2,1
2,2
2,1
2,2
2,5
2,2
2,1
2,1
2,3
2,1
2,3
2,2
2,2
2,1
2,1
2,2
2,1
2,1
2,1
2,2
2,1
2,3
2,1
2,1
2,1
2,2
2,1
2,3
2,1
2,1
2,1
2,1
2,3
2,1
2,1
2,1
2,10
2,1
2,1
2,2
2,1
2,1
2,5
2,1
2,4
2,2
2,5
2,2
2,3
2,3
2,1
2,1
2,2
2,9
2,1
2,1
2,1
2,2
2,1
2,1
2,3
2,1
2,1
2,1
2,2
2,1
2,1
2,1
2,1
2,1
2,1
2,1
2,1
2,3
2,1
2,2
2,1
2,3
2,3
2,1
2,1
2,1
2,1
2,2
2,1
2,2
2,7
2,2
2,1
1,2
1,1
1,2
1,1
1,1
1,1
1,1
1,4
1,1
1,2
1,1
1,1
1,1
1,1
1,1
1,5
1,2
1,1
1,2
1,2
1,1
1,3
1,1
1,2
1,4
1,1
1,1
1,2
1,1
1,2
1,1
1,1
1,1
1,1
1,1
1,3
1,1
1,1
1,1
1,1
1,1
1,1
1,2
1,1
1,1
1,2
1,1
1,1
1,2
1,1
1,1
1,1
1,2
1,1
1,1
1,3
1,1
1,1
1,2
1,1
1,1
1,1
1,1
1,1
1,1
1,1
1,9
1,1
1,2
1,1
1,1
1,1
1,1
1,1
1,2
1,1
1,1
1,1
1,1
1,1
1,1
1,1
1,1
1,1
1,1
1,1
1,1
1,1
1,1
1,1
1,2
1,2
1,1
1,2
1,1
1,1
1,1
1,6
1,2
1,1
1,1
1,1
1,2
1,1
1,1
1,1
1,1
1,2
1,1
1,1
1,4
1,1
1,1
1,2
1,2
1,1
1,1
1,1
1,2
1,4
1,1
1,1
1,1
1,1
1,2
1,1
1,1
1,1
1,1
1,1
1,1
1,1
1,2
1,2
1,1
1,5
1,1
1,1
1,1
1,1
1,1
1,1
1,5
1,1
1,2
1,1
1,3
1,2
1,1
1,1
1,1
1,2
1,1
1,3
1,4
1,2
1,1
1,1
1,1
1,2
1,1
1,1
1,1
1,1
1,1
1,3
1,3
1,1
1,1
1,2
1,1
1,1
1,4
1,1
1,1
1,4
1,1
1,1
1,1
1,2
1,1
1,2
1,1
1,1
1,1
1,3
1,1
1,1
1,1
1,5
1,2
1,1
1,2
1,2
1,1
1,1
1,1
1,1
1,1
1,1
1,1
1,1
1,1
1,1
1,3
1,1
1,1
1,1
1,1
1,1
1,1
1,1
1,1
1,2
1,1
1,3
1,1
1,1
1,1
1,7
1,1
1,1
1,1
1,1
1,1
1,1
1,1
